unicode_id,allograph_sign,allograph_form,allograph_ucun,signList_analogue
U+12037,|A.TU.GABA.LIŠ|,ASAL₂~a,𒀷,LAK212 [Uruk IV–III (~3400–3000 BCE) | Archaic / Uruk]; BAU134 [Early Dynastic (~2900–2340 BCE) | Lagash]; PTACE049 [Early Dynastic (~2900–2340 BCE) | Ebla]; ELLES123 [Early Dynastic (~2900–2340 BCE) | Ebla]; RSP055 [Early Dynastic (~2900–2340 BCE) | Presargonic Lagash]
U+12003,|A×BAD|,|A.BAD|,𒀀𒁁,LAK800 [Uruk IV–III (~3400–3000 BCE) | Archaic / Uruk]; MZL840 [Standard Babylonian (any period) | Akkado-Babylonian]; SLLHA580 [Standard Babylonian (any period) | Akkado-Babylonian]
U+1201D,|AK×ERIN₂|,AK,𒀝,LAK087 [Uruk IV–III (~3400–3000 BCE) | Archaic / Uruk]; ASY070 [Standard Babylonian (any period) | Akkadian syllabary]; BAU062 [Early Dynastic (~2900–2340 BCE) | Lagash]; ELLES053 [Early Dynastic (~2900–2340 BCE) | Ebla]; GCSL045 [Gudea period (~2100 BCE) | Lagash / Girsu]; KWU073 [Ur III (~2112–2004 BCE) | Administrative]; MZL127 [Standard Babylonian (any period) | Akkado-Babylonian]; PTACE068 [Early Dynastic (~2900–2340 BCE) | Ebla]; RSP273 [Early Dynastic (~2900–2340 BCE) | Presargonic Lagash]; ABZL053 [Old Babylonian (~2000–1600 BCE) | School texts]; GCSL006 [Gudea period (~2100 BCE) | Lagash / Girsu]; GCSL036 [Gudea period (~2100 BCE) | Lagash / Girsu]; HZL082 [Hittite period (~1650–1180 BCE) | Hittite]; KWU072 [Ur III (~2112–2004 BCE) | Administrative]; MZL129 [Standard Babylonian (any period) | Akkado-Babylonian]; RSP383 [Early Dynastic (~2900–2340 BCE) | Presargonic Lagash]; SLLHA098 [Standard Babylonian (any period) | Akkado-Babylonian]
U+1201F,|AK×ERIN₂|,|AK×(ŠITA.GIŠ)|,𒀟,ABZL053 [Old Babylonian (~2000–1600 BCE) | School texts]; GCSL006 [Gudea period (~2100 BCE) | Lagash / Girsu]; GCSL036 [Gudea period (~2100 BCE) | Lagash / Girsu]; HZL082 [Hittite period (~1650–1180 BCE) | Hittite]; KWU072 [Ur III (~2112–2004 BCE) | Administrative]; MZL129 [Standard Babylonian (any period) | Akkado-Babylonian]; RSP383 [Early Dynastic (~2900–2340 BCE) | Presargonic Lagash]; SLLHA098 [Standard Babylonian (any period) | Akkado-Babylonian]
U+12160,|AK×ERIN₂|,|KA×ERIN₂|,𒅠,ABZL053 [Old Babylonian (~2000–1600 BCE) | School texts]; GCSL006 [Gudea period (~2100 BCE) | Lagash / Girsu]; GCSL036 [Gudea period (~2100 BCE) | Lagash / Girsu]; HZL082 [Hittite period (~1650–1180 BCE) | Hittite]; KWU072 [Ur III (~2112–2004 BCE) | Administrative]; MZL129 [Standard Babylonian (any period) | Akkado-Babylonian]; RSP383 [Early Dynastic (~2900–2340 BCE) | Presargonic Lagash]; SLLHA098 [Standard Babylonian (any period) | Akkado-Babylonian]
U+124FD,|AK×ERIN₂|,LAK493,𒓽,LAK493 [Uruk IV–III (~3400–3000 BCE) | Archaic / Uruk]; ELLES255 [Early Dynastic (~2900–2340 BCE) | Ebla]; PTACE144 [Early Dynastic (~2900–2340 BCE) | Ebla]; ABZL053 [Old Babylonian (~2000–1600 BCE) | School texts]; GCSL006 [Gudea period (~2100 BCE) | Lagash / Girsu]; GCSL036 [Gudea period (~2100 BCE) | Lagash / Girsu]; HZL082 [Hittite period (~1650–1180 BCE) | Hittite]; KWU072 [Ur III (~2112–2004 BCE) | Administrative]; MZL129 [Standard Babylonian (any period) | Akkado-Babylonian]; RSP383 [Early Dynastic (~2900–2340 BCE) | Presargonic Lagash]; SLLHA098 [Standard Babylonian (any period) | Akkado-Babylonian]
U+1210F,ANŠE,|GIR₃×PA|,𒄏,LAK255 [Uruk IV–III (~3400–3000 BCE) | Archaic / Uruk]; ABZL292 [Old Babylonian (~2000–1600 BCE) | School texts]; LAK253 [Uruk IV–III (~3400–3000 BCE) | Archaic / Uruk]; BAU161a [Early Dynastic (~2900–2340 BCE) | Lagash]; BAU161c [Early Dynastic (~2900–2340 BCE) | Lagash]; ELLES140 [Early Dynastic (~2900–2340 BCE) | Ebla]; GCSL167 [Gudea period (~2100 BCE) | Lagash / Girsu]; HZL302 [Hittite period (~1650–1180 BCE) | Hittite]; KWU460 [Ur III (~2112–2004 BCE) | Administrative]; MZL353 [Standard Babylonian (any period) | Akkado-Babylonian]; PTACE134 [Early Dynastic (~2900–2340 BCE) | Ebla]; RSP466 [Early Dynastic (~2900–2340 BCE) | Presargonic Lagash]; SLLHA208 [Standard Babylonian (any period) | Akkado-Babylonian]
U+1202F,|BAR.AN|,|3×AN|,𒀯,LAK010 [Uruk IV–III (~3400–3000 BCE) | Archaic / Uruk]; ASY095 [Standard Babylonian (any period) | Akkadian syllabary]; BAU008 [Early Dynastic (~2900–2340 BCE) | Lagash]; ELLES006bis [Early Dynastic (~2900–2340 BCE) | Ebla]; GCSL051 [Gudea period (~2100 BCE) | Lagash / Girsu]; KWU025 [Ur III (~2112–2004 BCE) | Administrative]; MZL247 [Standard Babylonian (any period) | Akkado-Babylonian]; PTACE009 [Early Dynastic (~2900–2340 BCE) | Ebla]; RSP082 [Early Dynastic (~2900–2340 BCE) | Presargonic Lagash]; MZL123 [Standard Babylonian (any period) | Akkado-Babylonian]; SLLHA074_182 [Standard Babylonian (any period) | Akkado-Babylonian]
U+12550 [unverified],DIŠ,AŠ@c,𒕐,LAK002 [Uruk IV–III (~3400–3000 BCE) | Archaic / Uruk]; LAK820^a [Uruk IV–III (~3400–3000 BCE) | Archaic / Uruk]; LAK839^a [Uruk IV–III (~3400–3000 BCE) | Archaic / Uruk]; LAK855^a [Uruk IV–III (~3400–3000 BCE) | Archaic / Uruk]; LAK820^d [Uruk IV–III (~3400–3000 BCE) | Archaic / Uruk]; LAK834^a [Uruk IV–III (~3400–3000 BCE) | Archaic / Uruk]; LAK854^b [Uruk IV–III (~3400–3000 BCE) | Archaic / Uruk]; ASY276 [Standard Babylonian (any period) | Akkadian syllabary]; ABZL390 [Old Babylonian (~2000–1600 BCE) | School texts]; HZL356 [Hittite period (~1650–1180 BCE) | Hittite]; MZL748 [Standard Babylonian (any period) | Akkado-Babylonian]; RSP005 [Early Dynastic (~2900–2340 BCE) | Presargonic Lagash]; SLLHA480 [Standard Babylonian (any period) | Akkado-Babylonian]; SYA242 [Standard Babylonian (any period) | Akkadian syllabary]
U+12559 [unverified],DIŠ,DIŠ@c,𒕙,LAK834^b [Uruk IV–III (~3400–3000 BCE) | Archaic / Uruk]; LAK854^a [Uruk IV–III (~3400–3000 BCE) | Archaic / Uruk]; RSP035 [Early Dynastic (~2900–2340 BCE) | Presargonic Lagash]; LAK820^d [Uruk IV–III (~3400–3000 BCE) | Archaic / Uruk]; LAK834^a [Uruk IV–III (~3400–3000 BCE) | Archaic / Uruk]; LAK854^b [Uruk IV–III (~3400–3000 BCE) | Archaic / Uruk]; ASY276 [Standard Babylonian (any period) | Akkadian syllabary]; ABZL390 [Old Babylonian (~2000–1600 BCE) | School texts]; HZL356 [Hittite period (~1650–1180 BCE) | Hittite]; MZL748 [Standard Babylonian (any period) | Akkado-Babylonian]; RSP005 [Early Dynastic (~2900–2340 BCE) | Presargonic Lagash]; SLLHA480 [Standard Babylonian (any period) | Akkado-Babylonian]; SYA242 [Standard Babylonian (any period) | Akkadian syllabary]
U+12444,DIŠ,USSU,𒑄,LAK820^d [Uruk IV–III (~3400–3000 BCE) | Archaic / Uruk]; LAK834^a [Uruk IV–III (~3400–3000 BCE) | Archaic / Uruk]; LAK854^b [Uruk IV–III (~3400–3000 BCE) | Archaic / Uruk]; ASY276 [Standard Babylonian (any period) | Akkadian syllabary]; ABZL390 [Old Babylonian (~2000–1600 BCE) | School texts]; HZL356 [Hittite period (~1650–1180 BCE) | Hittite]; MZL748 [Standard Babylonian (any period) | Akkado-Babylonian]; RSP005 [Early Dynastic (~2900–2340 BCE) | Presargonic Lagash]; SLLHA480 [Standard Babylonian (any period) | Akkado-Babylonian]; SYA242 [Standard Babylonian (any period) | Akkadian syllabary]
U+12376,|DUB×LAGAB|,|DUB.LAGAB|,𒁾𒆸,MZL243 [Standard Babylonian (any period) | Akkado-Babylonian]
U+120A0,|EŠ₂.SUD.NUN.EŠ₂.TU|,EŠ₂,𒂠,LAK794 [Uruk IV–III (~3400–3000 BCE) | Archaic / Uruk]; ASY291 [Standard Babylonian (any period) | Akkadian syllabary]; BAU386a [Early Dynastic (~2900–2340 BCE) | Lagash]; ELLES392 [Early Dynastic (~2900–2340 BCE) | Ebla]; GCSL323 [Gudea period (~2100 BCE) | Lagash / Girsu]; PTACE325 [Early Dynastic (~2900–2340 BCE) | Ebla]; RSP256 [Early Dynastic (~2900–2340 BCE) | Presargonic Lagash]
U+120A5,|EZEN×BAD|,|EZEN×AN|,𒂥,LAK613 [Uruk IV–III (~3400–3000 BCE) | Archaic / Uruk]; ELLES304 [Early Dynastic (~2900–2340 BCE) | Ebla]; PTACE264 [Early Dynastic (~2900–2340 BCE) | Ebla]; ASY114 [Standard Babylonian (any period) | Akkadian syllabary]; ABZL153 [Old Babylonian (~2000–1600 BCE) | School texts]; GCSL262 [Gudea period (~2100 BCE) | Lagash / Girsu]; HZL114 [Hittite period (~1650–1180 BCE) | Hittite]; KWU837 [Ur III (~2112–2004 BCE) | Administrative]; MZL275 [Standard Babylonian (any period) | Akkado-Babylonian]; PTACE263 [Early Dynastic (~2900–2340 BCE) | Ebla]; RSP286 [Early Dynastic (~2900–2340 BCE) | Presargonic Lagash]; SLLHA152_8 [Standard Babylonian (any period) | Akkado-Babylonian]
U+12504,|EZEN×DUN₃@g@g|,|LAK617×DUN₃@g@g|,𒔄,LAK622 [Uruk IV–III (~3400–3000 BCE) | Archaic / Uruk]; BAU303 [Early Dynastic (~2900–2340 BCE) | Lagash]
U+12377,|EZEN×LA|,|EZEN×GUD|,𒍷,ABZL155 [Old Babylonian (~2000–1600 BCE) | School texts]; MZL278 [Standard Babylonian (any period) | Akkado-Babylonian]; LAK615 [Uruk IV–III (~3400–3000 BCE) | Archaic / Uruk]; ABZL154 [Old Babylonian (~2000–1600 BCE) | School texts]; KWU839 [Ur III (~2112–2004 BCE) | Administrative]; MZL274 [Standard Babylonian (any period) | Akkado-Babylonian]; RSP288 [Early Dynastic (~2900–2340 BCE) | Presargonic Lagash]; SLLHA152_9 [Standard Babylonian (any period) | Akkado-Babylonian]
U+12506,|EZEN×LA|,|LAK617×LA|,𒔆,LAK621 [Uruk IV–III (~3400–3000 BCE) | Archaic / Uruk]; BAU305 [Early Dynastic (~2900–2340 BCE) | Lagash]; RSP288^a [Early Dynastic (~2900–2340 BCE) | Presargonic Lagash]; LAK615 [Uruk IV–III (~3400–3000 BCE) | Archaic / Uruk]; ABZL154 [Old Babylonian (~2000–1600 BCE) | School texts]; KWU839 [Ur III (~2112–2004 BCE) | Administrative]; MZL274 [Standard Babylonian (any period) | Akkado-Babylonian]; RSP288 [Early Dynastic (~2900–2340 BCE) | Presargonic Lagash]; SLLHA152_9 [Standard Babylonian (any period) | Akkado-Babylonian]
U+12587 [unverified],F₃,F₃@c,𒖇,LAK852^a [Uruk IV–III (~3400–3000 BCE) | Archaic / Uruk]; RSP033 [Early Dynastic (~2900–2340 BCE) | Presargonic Lagash]; LAK852^b [Uruk IV–III (~3400–3000 BCE) | Archaic / Uruk]; RSP020 [Early Dynastic (~2900–2340 BCE) | Presargonic Lagash]; SLLHA545a [Standard Babylonian (any period) | Akkado-Babylonian]
U+12588 [unverified],F₃,F₃@c@v,𒖈,LAK852^b [Uruk IV–III (~3400–3000 BCE) | Archaic / Uruk]; RSP020 [Early Dynastic (~2900–2340 BCE) | Presargonic Lagash]; SLLHA545a [Standard Babylonian (any period) | Akkado-Babylonian]
U+12589 [unverified],F₄,F₄@c,𒖉,LAK853^a [Uruk IV–III (~3400–3000 BCE) | Archaic / Uruk]; RSP026 [Early Dynastic (~2900–2340 BCE) | Presargonic Lagash]; LAK853^b [Uruk IV–III (~3400–3000 BCE) | Archaic / Uruk]; RSP004 [Early Dynastic (~2900–2340 BCE) | Presargonic Lagash]
U+1258A [unverified],F₄,F₄@c@v,𒖊,LAK853^b [Uruk IV–III (~3400–3000 BCE) | Archaic / Uruk]; RSP004 [Early Dynastic (~2900–2340 BCE) | Presargonic Lagash]
U+120B9,|GA₂×(A.DA.HA)|,|GA₂×(A.HA)|,𒂹,
U+124BE,|GA₂×(A.DA.HA)|,|GA₂×(HA.A)|,𒒾,
U+120E2,|GA₂×ZIZ₂|,|GA₂×PA|,𒃢,LAK676 [Uruk IV–III (~3400–3000 BCE) | Archaic / Uruk]; ABZL097 [Old Babylonian (~2000–1600 BCE) | School texts]; BAU278 [Early Dynastic (~2900–2340 BCE) | Lagash]; ELLES335 [Early Dynastic (~2900–2340 BCE) | Ebla]; GCSL290 [Gudea period (~2100 BCE) | Lagash / Girsu]; HZL054 [Hittite period (~1650–1180 BCE) | Hittite]; KWU816 [Ur III (~2112–2004 BCE) | Administrative]; MZL408 [Standard Babylonian (any period) | Akkado-Babylonian]; PTACE283 [Early Dynastic (~2900–2340 BCE) | Ebla]; RSP243 [Early Dynastic (~2900–2340 BCE) | Presargonic Lagash]; SLLHA252 [Standard Babylonian (any period) | Akkado-Babylonian]; LAK677 [Uruk IV–III (~3400–3000 BCE) | Archaic / Uruk]
U+122A1,GIDIM,|SAG×TAB|,𒊡,ABZL426 [Old Babylonian (~2000–1600 BCE) | School texts]; ELLES191 [Early Dynastic (~2900–2340 BCE) | Ebla]; HZL052 [Hittite period (~1650–1180 BCE) | Hittite]; MZL830 [Standard Babylonian (any period) | Akkado-Babylonian]; SLLHA576 [Standard Babylonian (any period) | Akkado-Babylonian]
U+1210D,|GIR₃×(A.IGI)|,|GIR₃×IGI|,𒄍,LAK249 [Uruk IV–III (~3400–3000 BCE) | Archaic / Uruk]; ABZL295 [Old Babylonian (~2000–1600 BCE) | School texts]; ELLES141 [Early Dynastic (~2900–2340 BCE) | Ebla]; HZL303 [Hittite period (~1650–1180 BCE) | Hittite]; RSP465 [Early Dynastic (~2900–2340 BCE) | Presargonic Lagash]; SLLHA421n2 [Standard Babylonian (any period) | Akkado-Babylonian]; KWU464 [Ur III (~2112–2004 BCE) | Administrative]; MZL703 [Standard Babylonian (any period) | Akkado-Babylonian]; SLLHA421 [Standard Babylonian (any period) | Akkado-Babylonian]
U+1213D,HUB₂,|HUB₂×UD|,𒄽,LAK476 [Uruk IV–III (~3400–3000 BCE) | Archaic / Uruk]; ASY066 [Standard Babylonian (any period) | Akkadian syllabary]; RSP425 [Early Dynastic (~2900–2340 BCE) | Presargonic Lagash]; LAK474 [Uruk IV–III (~3400–3000 BCE) | Archaic / Uruk]; ASY065 [Standard Babylonian (any period) | Akkadian syllabary]; ABZL445 [Old Babylonian (~2000–1600 BCE) | School texts]; BAU281 [Early Dynastic (~2900–2340 BCE) | Lagash]; ELLES249 [Early Dynastic (~2900–2340 BCE) | Ebla]; GCSL222 [Gudea period (~2100 BCE) | Lagash / Girsu]; HZL049 [Hittite period (~1650–1180 BCE) | Hittite]; MZL149 [Standard Babylonian (any period) | Akkado-Babylonian]; PTACE273 [Early Dynastic (~2900–2340 BCE) | Ebla]; SLLHA088 [Standard Babylonian (any period) | Akkado-Babylonian]; SYA056 [Standard Babylonian (any period) | Akkadian syllabary]
U+12561 [unverified],ILIMMU,9(DIŠ@c),𒕡,ABZL480 [Old Babylonian (~2000–1600 BCE) | School texts]; HZL375 [Hittite period (~1650–1180 BCE) | Hittite]; MZL868 [Standard Babylonian (any period) | Akkado-Babylonian]; SLLHA598e [Standard Babylonian (any period) | Akkado-Babylonian]
U+12187,KA,|KA×U|,𒆇,LAK319 [Uruk IV–III (~3400–3000 BCE) | Archaic / Uruk]; HZL141 [Hittite period (~1650–1180 BCE) | Hittite]; MZL056 [Standard Babylonian (any period) | Akkado-Babylonian]; SLLHA031n1 [Standard Babylonian (any period) | Akkado-Babylonian]; LAK318 [Uruk IV–III (~3400–3000 BCE) | Archaic / Uruk]; ASY015 [Standard Babylonian (any period) | Akkadian syllabary]; ABZL312 [Old Babylonian (~2000–1600 BCE) | School texts]; BAU233 [Early Dynastic (~2900–2340 BCE) | Lagash]; ELLES182 [Early Dynastic (~2900–2340 BCE) | Ebla]; GCSL141 [Gudea period (~2100 BCE) | Lagash / Girsu]; HZL133 [Hittite period (~1650–1180 BCE) | Hittite]; KWU414 [Ur III (~2112–2004 BCE) | Administrative]; MZL024 [Standard Babylonian (any period) | Akkado-Babylonian]; PTACE167 [Early Dynastic (~2900–2340 BCE) | Ebla]; RSP197 [Early Dynastic (~2900–2340 BCE) | Presargonic Lagash]; SLLHA015 [Standard Babylonian (any period) | Akkado-Babylonian]; SYA013 [Standard Babylonian (any period) | Akkadian syllabary]
U+12189,KA,|KA×UD|,𒆉,HZL143 [Hittite period (~1650–1180 BCE) | Hittite]; MZL051 [Standard Babylonian (any period) | Akkado-Babylonian]; SLLHA028 [Standard Babylonian (any period) | Akkado-Babylonian]; LAK318 [Uruk IV–III (~3400–3000 BCE) | Archaic / Uruk]; ASY015 [Standard Babylonian (any period) | Akkadian syllabary]; ABZL312 [Old Babylonian (~2000–1600 BCE) | School texts]; BAU233 [Early Dynastic (~2900–2340 BCE) | Lagash]; ELLES182 [Early Dynastic (~2900–2340 BCE) | Ebla]; GCSL141 [Gudea period (~2100 BCE) | Lagash / Girsu]; HZL133 [Hittite period (~1650–1180 BCE) | Hittite]; KWU414 [Ur III (~2112–2004 BCE) | Administrative]; MZL024 [Standard Babylonian (any period) | Akkado-Babylonian]; PTACE167 [Early Dynastic (~2900–2340 BCE) | Ebla]; RSP197 [Early Dynastic (~2900–2340 BCE) | Presargonic Lagash]; SLLHA015 [Standard Babylonian (any period) | Akkado-Babylonian]; SYA013 [Standard Babylonian (any period) | Akkadian syllabary]
U+12180,|KA×LI|,|KA×ŠA|,𒆀,KWU419 [Ur III (~2112–2004 BCE) | Administrative]; ABZL325 [Old Babylonian (~2000–1600 BCE) | School texts]; HZL146 [Hittite period (~1650–1180 BCE) | Hittite]; MZL026 [Standard Babylonian (any period) | Akkado-Babylonian]; SLLHA016 [Standard Babylonian (any period) | Akkado-Babylonian]
U+12164,|KA×SA|,|KA×GAN₂@t|,𒅤,LAK324 [Uruk IV–III (~3400–3000 BCE) | Archaic / Uruk]; ASY017^b [Standard Babylonian (any period) | Akkadian syllabary]; ABZL321 [Old Babylonian (~2000–1600 BCE) | School texts]; BAU234 [Early Dynastic (~2900–2340 BCE) | Lagash]; ELLES186 [Early Dynastic (~2900–2340 BCE) | Ebla]; GCSL144 [Gudea period (~2100 BCE) | Lagash / Girsu]; GCSL145 [Gudea period (~2100 BCE) | Lagash / Girsu]; KWU428 [Ur III (~2112–2004 BCE) | Administrative]; MZL033 [Standard Babylonian (any period) | Akkado-Babylonian]; SLLHA019 [Standard Babylonian (any period) | Akkado-Babylonian]; LAK333 [Uruk IV–III (~3400–3000 BCE) | Archaic / Uruk]; ABZL316 [Old Babylonian (~2000–1600 BCE) | School texts]; ELLES185 [Early Dynastic (~2900–2340 BCE) | Ebla]; HZL136 [Hittite period (~1650–1180 BCE) | Hittite]; KWU429 [Ur III (~2112–2004 BCE) | Administrative]; MZL032 [Standard Babylonian (any period) | Akkado-Babylonian]; PTACE169 [Early Dynastic (~2900–2340 BCE) | Ebla]; SLLHA018x [Standard Babylonian (any period) | Akkado-Babylonian]
U+12164,|KA×ŠU|,|KA×GAN₂@t|,𒅤,LAK324 [Uruk IV–III (~3400–3000 BCE) | Archaic / Uruk]; ASY017^b [Standard Babylonian (any period) | Akkadian syllabary]; BAU234 [Early Dynastic (~2900–2340 BCE) | Lagash]; ELLES186 [Early Dynastic (~2900–2340 BCE) | Ebla]; GCSL144 [Gudea period (~2100 BCE) | Lagash / Girsu]; GCSL145 [Gudea period (~2100 BCE) | Lagash / Girsu]; LAK323 [Uruk IV–III (~3400–3000 BCE) | Archaic / Uruk]; ASY017 [Standard Babylonian (any period) | Akkadian syllabary]; ABZL320 [Old Babylonian (~2000–1600 BCE) | School texts]; ELLES183 [Early Dynastic (~2900–2340 BCE) | Ebla]; GCSL143 [Gudea period (~2100 BCE) | Lagash / Girsu]; KWU418 [Ur III (~2112–2004 BCE) | Administrative]; MZL049 [Standard Babylonian (any period) | Akkado-Babylonian]; RSP201 [Early Dynastic (~2900–2340 BCE) | Presargonic Lagash]; SLLHA026 [Standard Babylonian (any period) | Akkado-Babylonian]
U+12227,KUN,MAŠ₂,𒈧,LAK043 [Uruk IV–III (~3400–3000 BCE) | Archaic / Uruk]; ASY050 [Standard Babylonian (any period) | Akkadian syllabary]; ABZL031 [Old Babylonian (~2000–1600 BCE) | School texts]; BAU046 [Early Dynastic (~2900–2340 BCE) | Lagash]; ELLES028 [Early Dynastic (~2900–2340 BCE) | Ebla]; GCSL030 [Gudea period (~2100 BCE) | Lagash / Girsu]; HZL038 [Hittite period (~1650–1180 BCE) | Hittite]; MZL130 [Standard Babylonian (any period) | Akkado-Babylonian]; PTACE037 [Early Dynastic (~2900–2340 BCE) | Ebla]; SLLHA076 [Standard Babylonian (any period) | Akkado-Babylonian]; SYA043 [Standard Babylonian (any period) | Akkadian syllabary]; LAK026 [Uruk IV–III (~3400–3000 BCE) | Archaic / Uruk]; LAK754 [Uruk IV–III (~3400–3000 BCE) | Archaic / Uruk]; ASY051 [Standard Babylonian (any period) | Akkadian syllabary]; ABZL032 [Old Babylonian (~2000–1600 BCE) | School texts]; ELLES368 [Early Dynastic (~2900–2340 BCE) | Ebla]; GCSL309 [Gudea period (~2100 BCE) | Lagash / Girsu]; HZL035 [Hittite period (~1650–1180 BCE) | Hittite]; KWU109 [Ur III (~2112–2004 BCE) | Administrative]; MZL131 [Standard Babylonian (any period) | Akkado-Babylonian]; PTACE308 [Early Dynastic (~2900–2340 BCE) | Ebla]; RSP343 [Early Dynastic (~2900–2340 BCE) | Presargonic Lagash]; SLLHA077 [Standard Babylonian (any period) | Akkado-Babylonian]; SYA044 [Standard Babylonian (any period) | Akkadian syllabary]
U+12000,|LAGAB×A|,A,𒀀,LAK795 [Uruk IV–III (~3400–3000 BCE) | Archaic / Uruk]; ASY311 [Standard Babylonian (any period) | Akkadian syllabary]; BAU416 [Early Dynastic (~2900–2340 BCE) | Lagash]; ELLES393 [Early Dynastic (~2900–2340 BCE) | Ebla]; GCSL324 [Gudea period (~2100 BCE) | Lagash / Girsu]; KWU901 [Ur III (~2112–2004 BCE) | Administrative]; MZL839 [Standard Babylonian (any period) | Akkado-Babylonian]; PTACE328 [Early Dynastic (~2900–2340 BCE) | Ebla]; RSP051 [Early Dynastic (~2900–2340 BCE) | Presargonic Lagash]; LAK785 [Uruk IV–III (~3400–3000 BCE) | Archaic / Uruk]; ASY285 [Standard Babylonian (any period) | Akkadian syllabary]; ABZL414 [Old Babylonian (~2000–1600 BCE) | School texts]; BAU271 [Early Dynastic (~2900–2340 BCE) | Lagash]; ELLES375 [Early Dynastic (~2900–2340 BCE) | Ebla]; ELLES384 [Early Dynastic (~2900–2340 BCE) | Ebla]; GCSL321 [Gudea period (~2100 BCE) | Lagash / Girsu]; HZL182 [Hittite period (~1650–1180 BCE) | Hittite]; KWU890 [Ur III (~2112–2004 BCE) | Administrative]; MZL795 [Standard Babylonian (any period) | Akkado-Babylonian]; PTACE322 [Early Dynastic (~2900–2340 BCE) | Ebla]; RSP263 [Early Dynastic (~2900–2340 BCE) | Presargonic Lagash]; SLLHA522 [Standard Babylonian (any period) | Akkado-Babylonian]; SYA250 [Standard Babylonian (any period) | Akkadian syllabary]
U+121C5,|LAGAB×A|,|LAGAB×GAR|,𒇅,ABZL408 [Old Babylonian (~2000–1600 BCE) | School texts]; HZL055 [Hittite period (~1650–1180 BCE) | Hittite]; MZL801 [Standard Babylonian (any period) | Akkado-Babylonian]; SLLHA528 [Standard Babylonian (any period) | Akkado-Babylonian]; LAK785 [Uruk IV–III (~3400–3000 BCE) | Archaic / Uruk]; ASY285 [Standard Babylonian (any period) | Akkadian syllabary]; ABZL414 [Old Babylonian (~2000–1600 BCE) | School texts]; BAU271 [Early Dynastic (~2900–2340 BCE) | Lagash]; ELLES375 [Early Dynastic (~2900–2340 BCE) | Ebla]; ELLES384 [Early Dynastic (~2900–2340 BCE) | Ebla]; GCSL321 [Gudea period (~2100 BCE) | Lagash / Girsu]; HZL182 [Hittite period (~1650–1180 BCE) | Hittite]; KWU890 [Ur III (~2112–2004 BCE) | Administrative]; MZL795 [Standard Babylonian (any period) | Akkado-Babylonian]; PTACE322 [Early Dynastic (~2900–2340 BCE) | Ebla]; RSP263 [Early Dynastic (~2900–2340 BCE) | Presargonic Lagash]; SLLHA522 [Standard Babylonian (any period) | Akkado-Babylonian]; SYA250 [Standard Babylonian (any period) | Akkadian syllabary]
U+121C9,|LAGAB×A|,|LAGAB×HAL|,𒇉,LAK768 [Uruk IV–III (~3400–3000 BCE) | Archaic / Uruk]; ABZL404 [Old Babylonian (~2000–1600 BCE) | School texts]; BAU263 [Early Dynastic (~2900–2340 BCE) | Lagash]; BAU319 [Early Dynastic (~2900–2340 BCE) | Lagash]; GCSL315 [Gudea period (~2100 BCE) | Lagash / Girsu]; HZL216 [Hittite period (~1650–1180 BCE) | Hittite]; KWU872 [Ur III (~2112–2004 BCE) | Administrative]; MZL756 [Standard Babylonian (any period) | Akkado-Babylonian]; RSP264 [Early Dynastic (~2900–2340 BCE) | Presargonic Lagash]; SLLHA484 [Standard Babylonian (any period) | Akkado-Babylonian]; LAK785 [Uruk IV–III (~3400–3000 BCE) | Archaic / Uruk]; ASY285 [Standard Babylonian (any period) | Akkadian syllabary]; ABZL414 [Old Babylonian (~2000–1600 BCE) | School texts]; BAU271 [Early Dynastic (~2900–2340 BCE) | Lagash]; ELLES375 [Early Dynastic (~2900–2340 BCE) | Ebla]; ELLES384 [Early Dynastic (~2900–2340 BCE) | Ebla]; GCSL321 [Gudea period (~2100 BCE) | Lagash / Girsu]; HZL182 [Hittite period (~1650–1180 BCE) | Hittite]; KWU890 [Ur III (~2112–2004 BCE) | Administrative]; MZL795 [Standard Babylonian (any period) | Akkado-Babylonian]; PTACE322 [Early Dynastic (~2900–2340 BCE) | Ebla]; RSP263 [Early Dynastic (~2900–2340 BCE) | Presargonic Lagash]; SLLHA522 [Standard Babylonian (any period) | Akkado-Babylonian]; SYA250 [Standard Babylonian (any period) | Akkadian syllabary]
U+121D2,|LAGAB×A|,|LAGAB×KUL|,𒇒,ABZL406 [Old Babylonian (~2000–1600 BCE) | School texts]; MZL761 [Standard Babylonian (any period) | Akkado-Babylonian]; SLLHA487 [Standard Babylonian (any period) | Akkado-Babylonian]; LAK785 [Uruk IV–III (~3400–3000 BCE) | Archaic / Uruk]; ASY285 [Standard Babylonian (any period) | Akkadian syllabary]; ABZL414 [Old Babylonian (~2000–1600 BCE) | School texts]; BAU271 [Early Dynastic (~2900–2340 BCE) | Lagash]; ELLES375 [Early Dynastic (~2900–2340 BCE) | Ebla]; ELLES384 [Early Dynastic (~2900–2340 BCE) | Ebla]; GCSL321 [Gudea period (~2100 BCE) | Lagash / Girsu]; HZL182 [Hittite period (~1650–1180 BCE) | Hittite]; KWU890 [Ur III (~2112–2004 BCE) | Administrative]; MZL795 [Standard Babylonian (any period) | Akkado-Babylonian]; PTACE322 [Early Dynastic (~2900–2340 BCE) | Ebla]; RSP263 [Early Dynastic (~2900–2340 BCE) | Presargonic Lagash]; SLLHA522 [Standard Babylonian (any period) | Akkado-Babylonian]; SYA250 [Standard Babylonian (any period) | Akkadian syllabary]
U+121D8,|LAGAB×A|,|LAGAB×ME|,𒇘,LAK785 [Uruk IV–III (~3400–3000 BCE) | Archaic / Uruk]; ASY285 [Standard Babylonian (any period) | Akkadian syllabary]; ABZL414 [Old Babylonian (~2000–1600 BCE) | School texts]; BAU271 [Early Dynastic (~2900–2340 BCE) | Lagash]; ELLES375 [Early Dynastic (~2900–2340 BCE) | Ebla]; ELLES384 [Early Dynastic (~2900–2340 BCE) | Ebla]; GCSL321 [Gudea period (~2100 BCE) | Lagash / Girsu]; HZL182 [Hittite period (~1650–1180 BCE) | Hittite]; KWU890 [Ur III (~2112–2004 BCE) | Administrative]; MZL795 [Standard Babylonian (any period) | Akkado-Babylonian]; PTACE322 [Early Dynastic (~2900–2340 BCE) | Ebla]; RSP263 [Early Dynastic (~2900–2340 BCE) | Presargonic Lagash]; SLLHA522 [Standard Babylonian (any period) | Akkado-Babylonian]; SYA250 [Standard Babylonian (any period) | Akkadian syllabary]
U+121E6,|LAGAB×A|,|LAGAB×(U.A)|,𒇦,ABZL412 [Old Babylonian (~2000–1600 BCE) | School texts]; MZL787 [Standard Babylonian (any period) | Akkado-Babylonian]; SLLHA512 [Standard Babylonian (any period) | Akkado-Babylonian]; LAK785 [Uruk IV–III (~3400–3000 BCE) | Archaic / Uruk]; ASY285 [Standard Babylonian (any period) | Akkadian syllabary]; ABZL414 [Old Babylonian (~2000–1600 BCE) | School texts]; BAU271 [Early Dynastic (~2900–2340 BCE) | Lagash]; ELLES375 [Early Dynastic (~2900–2340 BCE) | Ebla]; ELLES384 [Early Dynastic (~2900–2340 BCE) | Ebla]; GCSL321 [Gudea period (~2100 BCE) | Lagash / Girsu]; HZL182 [Hittite period (~1650–1180 BCE) | Hittite]; KWU890 [Ur III (~2112–2004 BCE) | Administrative]; MZL795 [Standard Babylonian (any period) | Akkado-Babylonian]; PTACE322 [Early Dynastic (~2900–2340 BCE) | Ebla]; RSP263 [Early Dynastic (~2900–2340 BCE) | Presargonic Lagash]; SLLHA522 [Standard Babylonian (any period) | Akkado-Babylonian]; SYA250 [Standard Babylonian (any period) | Akkadian syllabary]
U+121C9,|LAGAB×KUL|,|LAGAB×HAL|,𒇉,LAK768 [Uruk IV–III (~3400–3000 BCE) | Archaic / Uruk]; ABZL406 [Old Babylonian (~2000–1600 BCE) | School texts]; MZL761 [Standard Babylonian (any period) | Akkado-Babylonian]; SLLHA487 [Standard Babylonian (any period) | Akkado-Babylonian]
U+121DD,|LAGAB×(ŠITA@t.GIŠ)|,|LAGAB×(ŠITA.GIŠ.ERIN₂)|,𒇝,MZL771 [Standard Babylonian (any period) | Akkado-Babylonian]; SLLHA497 [Standard Babylonian (any period) | Akkado-Babylonian]
U+12212,|LU₂@LU₂|,|LU₂%LU₂|,𒈒,SLLHA330_60v [Standard Babylonian (any period) | Akkado-Babylonian]; ABZL255 [Old Babylonian (~2000–1600 BCE) | School texts]; SLLHA330_60 [Standard Babylonian (any period) | Akkado-Babylonian]
U+12206,|LU₂×KAD₂|,|LU₂×KAD₃|,𒈆,MZL519 [Standard Babylonian (any period) | Akkado-Babylonian]; SLLHA330_0n [Standard Babylonian (any period) | Akkado-Babylonian]
U+12219,|LUGAL&LUGAL|,|LUGAL@LUGAL|,𒈙,MZL268 [Standard Babylonian (any period) | Akkado-Babylonian]; SLLHA151v [Standard Babylonian (any period) | Akkado-Babylonian]; SLLHA151vn [Standard Babylonian (any period) | Akkado-Babylonian]
U+12532,|MU&MU|,|ŠE&ŠE|,𒔲,LAK200 [Uruk IV–III (~3400–3000 BCE) | Archaic / Uruk]; LAK015 [Uruk IV–III (~3400–3000 BCE) | Archaic / Uruk]; ASY119 [Standard Babylonian (any period) | Akkadian syllabary]; ABZL142 [Old Babylonian (~2000–1600 BCE) | School texts]; GCSL052 [Gudea period (~2100 BCE) | Lagash / Girsu]; HZL171 [Hittite period (~1650–1180 BCE) | Hittite]; KWU049 [Ur III (~2112–2004 BCE) | Administrative]; MZL301 [Standard Babylonian (any period) | Akkado-Babylonian]; PTACE025 [Early Dynastic (~2900–2340 BCE) | Ebla]; RSP439 [Early Dynastic (~2900–2340 BCE) | Presargonic Lagash]; SLLHA169 [Standard Babylonian (any period) | Akkado-Babylonian]; SYA103 [Standard Babylonian (any period) | Akkadian syllabary]
U+1223A,|MUŠ₃.DI|,|MUŠ₃×A|,𒈺,ABZL046 [Old Babylonian (~2000–1600 BCE) | School texts]; RSP099^b [Early Dynastic (~2900–2340 BCE) | Presargonic Lagash]
U+1223B,|MUŠ₃.DI|,|MUŠ₃×(A.DI)|,𒈻,
U+1223C,|MUŠ₃.DI|,|MUŠ₃×DI|,𒈼,
U+1255B [unverified],NIGIDAEŠ,NIGIDAEŠ@c,𒕛,LAK836^a [Uruk IV–III (~3400–3000 BCE) | Archaic / Uruk]; RSP038 [Early Dynastic (~2900–2340 BCE) | Presargonic Lagash]; LAK836^c [Uruk IV–III (~3400–3000 BCE) | Archaic / Uruk]; MZL850 [Standard Babylonian (any period) | Akkado-Babylonian]; RSP023 [Early Dynastic (~2900–2340 BCE) | Presargonic Lagash]; SLLHA585c [Standard Babylonian (any period) | Akkado-Babylonian]
U+1255A [unverified],NIGIDAMIN,NIGIDAMIN~a,󰁊,RSP037 [Early Dynastic (~2900–2340 BCE) | Presargonic Lagash]; LAK835^b [Uruk IV–III (~3400–3000 BCE) | Archaic / Uruk]; MZL848 [Standard Babylonian (any period) | Akkado-Babylonian]; RSP022 [Early Dynastic (~2900–2340 BCE) | Presargonic Lagash]; SLLHA585a [Standard Babylonian (any period) | Akkado-Babylonian]
U+1225B,|NINDA₂×ŠE|,|NINDA₂×(ŠE.A).AN|,𒉛,ABZL137 [Old Babylonian (~2000–1600 BCE) | School texts]; SLLHA187v1 [Standard Babylonian (any period) | Akkado-Babylonian]; SYA110 [Standard Babylonian (any period) | Akkadian syllabary]; LAK105 [Uruk IV–III (~3400–3000 BCE) | Archaic / Uruk]; LAK108 [Uruk IV–III (~3400–3000 BCE) | Archaic / Uruk]; ASY127 [Standard Babylonian (any period) | Akkadian syllabary]; BAU066 [Early Dynastic (~2900–2340 BCE) | Lagash]; KWU160 [Ur III (~2112–2004 BCE) | Administrative]; PTACE069 [Early Dynastic (~2900–2340 BCE) | Ebla]; RSP108 [Early Dynastic (~2900–2340 BCE) | Presargonic Lagash]; SLLHA187v5 [Standard Babylonian (any period) | Akkado-Babylonian]
U+12598 [unverified],|NINDA₂×(ŠE.AŠ)|,|NINDA₂×(ŠE.AŠ@c)|,𒖘,LAK106 [Uruk IV–III (~3400–3000 BCE) | Archaic / Uruk]; LAK869 [Uruk IV–III (~3400–3000 BCE) | Archaic / Uruk]; RSP106 [Early Dynastic (~2900–2340 BCE) | Presargonic Lagash]; MZL331 [Standard Babylonian (any period) | Akkado-Babylonian]; SLLHA186a [Standard Babylonian (any period) | Akkado-Babylonian]
U+12599 [unverified],|NINDA₂×(ŠE.AŠ.AŠ)|,|NINDA₂×(ŠE.AŠ@c.AŠ@c)|,𒖙,LAK107 [Uruk IV–III (~3400–3000 BCE) | Archaic / Uruk]; LAK870 [Uruk IV–III (~3400–3000 BCE) | Archaic / Uruk]; RSP107 [Early Dynastic (~2900–2340 BCE) | Presargonic Lagash]; MZL332 [Standard Babylonian (any period) | Akkado-Babylonian]; SLLHA186b [Standard Babylonian (any period) | Akkado-Babylonian]
U+122D4,NU₁₁@90,NU₁₁@t,𒋔,ABZL464 [Old Babylonian (~2000–1600 BCE) | School texts]; MZL116 [Standard Babylonian (any period) | Akkado-Babylonian]; SLLHA071n [Standard Babylonian (any period) | Akkado-Babylonian]; LAK024^a [Uruk IV–III (~3400–3000 BCE) | Archaic / Uruk]
U+12265,|NUN.LAGAR×SAL|,|NUN.LAGAR×MAŠ|,𒉥,ABZL049 [Old Babylonian (~2000–1600 BCE) | School texts]; MZL147 [Standard Babylonian (any period) | Akkado-Babylonian]
U+124F1,|NUNUZ.AB₂×BI|,LAK449,𒓱,LAK449 [Uruk IV–III (~3400–3000 BCE) | Archaic / Uruk]; RSP350 [Early Dynastic (~2900–2340 BCE) | Presargonic Lagash]; MZL621 [Standard Babylonian (any period) | Akkado-Babylonian]; SLLHA394d [Standard Babylonian (any period) | Akkado-Babylonian]
U+124F7,|NUNUZ.AB₂×LA|,LAK450,𒓷,LAK450 [Uruk IV–III (~3400–3000 BCE) | Archaic / Uruk]; ABZL372 [Old Babylonian (~2000–1600 BCE) | School texts]; MZL616 [Standard Babylonian (any period) | Akkado-Babylonian]; SLLHA394b [Standard Babylonian (any period) | Akkado-Babylonian]
U+1228C,PIRIG,|PIRIG×UD|,𒊌,LAK259 [Uruk IV–III (~3400–3000 BCE) | Archaic / Uruk]; ASY096 [Standard Babylonian (any period) | Akkadian syllabary]; GCSL132 [Gudea period (~2100 BCE) | Lagash / Girsu]; GCSL133 [Gudea period (~2100 BCE) | Lagash / Girsu]; LAK256 [Uruk IV–III (~3400–3000 BCE) | Archaic / Uruk]; ABZL178 [Old Babylonian (~2000–1600 BCE) | School texts]; BAU162 [Early Dynastic (~2900–2340 BCE) | Lagash]; ELLES143 [Early Dynastic (~2900–2340 BCE) | Ebla]; ELLES144 [Early Dynastic (~2900–2340 BCE) | Ebla]; GCSL131 [Gudea period (~2100 BCE) | Lagash / Girsu]; PTACE135 [Early Dynastic (~2900–2340 BCE) | Ebla]; RSP460 [Early Dynastic (~2900–2340 BCE) | Presargonic Lagash]; SLLHA444 [Standard Babylonian (any period) | Akkado-Babylonian]
U+12178,|SAG×MI|,|KA×MI|,𒅸,MZL195 [Standard Babylonian (any period) | Akkado-Babylonian]; SLLHA119 [Standard Babylonian (any period) | Akkado-Babylonian]
U+122B6,|ŠA₃×A|,|ŠA₃×(U.A)|,𒊶,ABZL436 [Old Babylonian (~2000–1600 BCE) | School texts]; MZL608 [Standard Babylonian (any period) | Akkado-Babylonian]; SLLHA390 [Standard Babylonian (any period) | Akkado-Babylonian]
U+12579 [unverified],ŠAR₂,ŠAR₂@c,𒕹,LAK825^a [Uruk IV–III (~3400–3000 BCE) | Archaic / Uruk]; LAK844^a [Uruk IV–III (~3400–3000 BCE) | Archaic / Uruk]; RSP030 [Early Dynastic (~2900–2340 BCE) | Presargonic Lagash]; LAK809 [Uruk IV–III (~3400–3000 BCE) | Archaic / Uruk]; LAK825^b [Uruk IV–III (~3400–3000 BCE) | Archaic / Uruk]; LAK844^b [Uruk IV–III (~3400–3000 BCE) | Archaic / Uruk]; ASY230 [Standard Babylonian (any period) | Akkadian syllabary]; ABZL277 [Old Babylonian (~2000–1600 BCE) | School texts]; ELLES397 [Early Dynastic (~2900–2340 BCE) | Ebla]; HZL335 [Hittite period (~1650–1180 BCE) | Hittite]; MZL632 [Standard Babylonian (any period) | Akkado-Babylonian]; SLLHA396 [Standard Babylonian (any period) | Akkado-Babylonian]; SYA202 [Standard Babylonian (any period) | Akkadian syllabary]
U+12534,|ŠE.NAM₂|,|ŠE@v+NAM₂|,𒔴,
U+1250C,ŠID,LAK636,𒔌,LAK636 [Uruk IV–III (~3400–3000 BCE) | Archaic / Uruk]; LAK711 [Uruk IV–III (~3400–3000 BCE) | Archaic / Uruk]; ASY167 [Standard Babylonian (any period) | Akkadian syllabary]; ABZL212 [Old Babylonian (~2000–1600 BCE) | School texts]; BAU371 [Early Dynastic (~2900–2340 BCE) | Lagash]; ELLES351 [Early Dynastic (~2900–2340 BCE) | Ebla]; HZL231 [Hittite period (~1650–1180 BCE) | Hittite]; KWU766 [Ur III (~2112–2004 BCE) | Administrative]; MZL485 [Standard Babylonian (any period) | Akkado-Babylonian]; PTACE268 [Early Dynastic (~2900–2340 BCE) | Ebla]; RSP296 [Early Dynastic (~2900–2340 BCE) | Presargonic Lagash]; SLLHA314 [Standard Babylonian (any period) | Akkado-Babylonian]; SYA145 [Standard Babylonian (any period) | Akkadian syllabary]
U+12499,|ŠIM×IGI@g|,|DUG×IGI@g|,𒒙,LAK586 [Uruk IV–III (~3400–3000 BCE) | Archaic / Uruk]; ELLES292 [Early Dynastic (~2900–2340 BCE) | Ebla]; LAK656 [Uruk IV–III (~3400–3000 BCE) | Archaic / Uruk]; MZL368 [Standard Babylonian (any period) | Akkado-Babylonian]; RSP423 [Early Dynastic (~2900–2340 BCE) | Presargonic Lagash]; SLLHA219x [Standard Babylonian (any period) | Akkado-Babylonian]
U+1202F,|ŠU₂.3×AN|,|3×AN|,𒀯,LAK010 [Uruk IV–III (~3400–3000 BCE) | Archaic / Uruk]; ASY095 [Standard Babylonian (any period) | Akkadian syllabary]; BAU008 [Early Dynastic (~2900–2340 BCE) | Lagash]; ELLES006bis [Early Dynastic (~2900–2340 BCE) | Ebla]; GCSL051 [Gudea period (~2100 BCE) | Lagash / Girsu]; KWU025 [Ur III (~2112–2004 BCE) | Administrative]; MZL247 [Standard Babylonian (any period) | Akkado-Babylonian]; PTACE009 [Early Dynastic (~2900–2340 BCE) | Ebla]; RSP082 [Early Dynastic (~2900–2340 BCE) | Presargonic Lagash]; ABZL424 [Old Babylonian (~2000–1600 BCE) | School texts]; MZL872 [Standard Babylonian (any period) | Akkado-Babylonian]; SLLHA547 [Standard Babylonian (any period) | Akkado-Babylonian]
U+124DA,TE@g,LAK051,𒓚,LAK051 [Uruk IV–III (~3400–3000 BCE) | Archaic / Uruk]; LAK382 [Uruk IV–III (~3400–3000 BCE) | Archaic / Uruk]; ASY030a [Standard Babylonian (any period) | Akkadian syllabary]; ABZL283 [Old Babylonian (~2000–1600 BCE) | School texts]; ELLES208 [Early Dynastic (~2900–2340 BCE) | Ebla]; GCSL160 [Gudea period (~2100 BCE) | Lagash / Girsu]; HZL315 [Hittite period (~1650–1180 BCE) | Hittite]; KWU484 [Ur III (~2112–2004 BCE) | Administrative]; MZL088 [Standard Babylonian (any period) | Akkado-Babylonian]; PTACE183 [Early Dynastic (~2900–2340 BCE) | Ebla]; RSP330 [Early Dynastic (~2900–2340 BCE) | Presargonic Lagash]; SLLHA058 [Standard Babylonian (any period) | Akkado-Babylonian]
U+12562 [unverified],U,U@90,󰀒,RSP028 [Early Dynastic (~2900–2340 BCE) | Presargonic Lagash]; LAK821^b [Uruk IV–III (~3400–3000 BCE) | Archaic / Uruk]; LAK840^b [Uruk IV–III (~3400–3000 BCE) | Archaic / Uruk]; LAK857^b [Uruk IV–III (~3400–3000 BCE) | Archaic / Uruk]; LAK859^b [Uruk IV–III (~3400–3000 BCE) | Archaic / Uruk]; ASY242 [Standard Babylonian (any period) | Akkadian syllabary]; ABZL337 [Old Babylonian (~2000–1600 BCE) | School texts]; GCSL176 [Gudea period (~2100 BCE) | Lagash / Girsu]; HZL261 [Hittite period (~1650–1180 BCE) | Hittite]; MZL661 [Standard Babylonian (any period) | Akkado-Babylonian]; RSP006 [Early Dynastic (~2900–2340 BCE) | Presargonic Lagash]; RSP008 [Early Dynastic (~2900–2340 BCE) | Presargonic Lagash]; SLLHA411 [Standard Babylonian (any period) | Akkado-Babylonian]; SYA213 [Standard Babylonian (any period) | Akkadian syllabary]
U+124DB,|U.GAN|,|AŠ.GAN|,𒓛,LAK062 [Uruk IV–III (~3400–3000 BCE) | Archaic / Uruk]; ELLES038 [Early Dynastic (~2900–2340 BCE) | Ebla]; LAK407^a [Uruk IV–III (~3400–3000 BCE) | Archaic / Uruk]; ABZL345 [Old Babylonian (~2000–1600 BCE) | School texts]; BAU279 [Early Dynastic (~2900–2340 BCE) | Lagash]; HZL270 [Hittite period (~1650–1180 BCE) | Hittite]; KWU547 [Ur III (~2112–2004 BCE) | Administrative]; MZL684 [Standard Babylonian (any period) | Akkado-Babylonian]; RSP016 [Early Dynastic (~2900–2340 BCE) | Presargonic Lagash]; SLLHA428 [Standard Babylonian (any period) | Akkado-Babylonian]
U+124EE,|U.ŠA|,LAK384,𒓮,LAK384 [Uruk IV–III (~3400–3000 BCE) | Archaic / Uruk]; ELLES209 [Early Dynastic (~2900–2340 BCE) | Ebla]; PTACE302 [Early Dynastic (~2900–2340 BCE) | Ebla]; LAK411 [Uruk IV–III (~3400–3000 BCE) | Archaic / Uruk]; KWU509 [Ur III (~2112–2004 BCE) | Administrative]
U+1244A,|U.U|,2(AŠ@t),𒑊,LAK185 [Uruk IV–III (~3400–3000 BCE) | Archaic / Uruk]; PTACE206 [Early Dynastic (~2900–2340 BCE) | Ebla]; ASY274 [Standard Babylonian (any period) | Akkadian syllabary]; ABZL363 [Old Babylonian (~2000–1600 BCE) | School texts]; HZL296 [Hittite period (~1650–1180 BCE) | Hittite]; MZL708 [Standard Babylonian (any period) | Akkado-Babylonian]; SLLHA471 [Standard Babylonian (any period) | Akkado-Babylonian]; SYA240 [Standard Babylonian (any period) | Akkadian syllabary]
U+12563 [unverified],|U.U|,2(U@c),𒕣,ASY274 [Standard Babylonian (any period) | Akkadian syllabary]; ABZL363 [Old Babylonian (~2000–1600 BCE) | School texts]; HZL296 [Hittite period (~1650–1180 BCE) | Hittite]; MZL708 [Standard Babylonian (any period) | Akkado-Babylonian]; SLLHA471 [Standard Babylonian (any period) | Akkado-Babylonian]; SYA240 [Standard Babylonian (any period) | Akkadian syllabary]
U+12564 [unverified],|U.U.U|,3(U@c),𒕤,ASY275 [Standard Babylonian (any period) | Akkadian syllabary]; ABZL366 [Old Babylonian (~2000–1600 BCE) | School texts]; HZL331 [Hittite period (~1650–1180 BCE) | Hittite]; MZL711 [Standard Babylonian (any period) | Akkado-Babylonian]; SLLHA472 [Standard Babylonian (any period) | Akkado-Babylonian]; SYA241 [Standard Babylonian (any period) | Akkadian syllabary]
U+1258E [unverified],U@g,1(BURU@c),𒖎,LAK858^a [Uruk IV–III (~3400–3000 BCE) | Archaic / Uruk]; RSP034^a [Early Dynastic (~2900–2340 BCE) | Presargonic Lagash]; LAK808 [Uruk IV–III (~3400–3000 BCE) | Archaic / Uruk]; LAK858^b [Uruk IV–III (~3400–3000 BCE) | Archaic / Uruk]; HZL261 [Hittite period (~1650–1180 BCE) | Hittite]; MZL662 [Standard Babylonian (any period) | Akkado-Babylonian]; SLLHA350_8 [Standard Babylonian (any period) | Akkado-Babylonian]
U+1215E,|URU×BAR|,|KA×BAR|,𒅞,LAK649 [Uruk IV–III (~3400–3000 BCE) | Archaic / Uruk]; ABZL186 [Old Babylonian (~2000–1600 BCE) | School texts]; BAU309 [Early Dynastic (~2900–2340 BCE) | Lagash]; ELLES315 [Early Dynastic (~2900–2340 BCE) | Ebla]; GCSL276 [Gudea period (~2100 BCE) | Lagash / Girsu]; HZL134 [Hittite period (~1650–1180 BCE) | Hittite]; KWU227 [Ur III (~2112–2004 BCE) | Administrative]; MZL073 [Standard Babylonian (any period) | Akkado-Babylonian]; PTACE085 [Early Dynastic (~2900–2340 BCE) | Ebla]; SLLHA040 [Standard Babylonian (any period) | Akkado-Babylonian]
U+1250F,|URU×GA|,|LAK648×GA|,𒔏,LAK714 [Uruk IV–III (~3400–3000 BCE) | Archaic / Uruk]; ABZL183 [Old Babylonian (~2000–1600 BCE) | School texts]; MZL076 [Standard Babylonian (any period) | Akkado-Babylonian]; SLLHA042 [Standard Babylonian (any period) | Akkado-Babylonian]
U+1216B,|URU×GU|,|KA×GU|,𒅫,LAK602 [Uruk IV–III (~3400–3000 BCE) | Archaic / Uruk]; ASY023b [Standard Babylonian (any period) | Akkadian syllabary]; ABZL185 [Old Babylonian (~2000–1600 BCE) | School texts]; ELLES296 [Early Dynastic (~2900–2340 BCE) | Ebla]; GCSL257 [Gudea period (~2100 BCE) | Lagash / Girsu]; KWU771 [Ur III (~2112–2004 BCE) | Administrative]; MZL084 [Standard Babylonian (any period) | Akkado-Babylonian]; RSP302 [Early Dynastic (~2900–2340 BCE) | Presargonic Lagash]; SLLHA046 [Standard Babylonian (any period) | Akkado-Babylonian]
U+1216D,|URU×IGI|,|KA×IGI|,𒅭,ABZL184 [Old Babylonian (~2000–1600 BCE) | School texts]; GCSL274 [Gudea period (~2100 BCE) | Lagash / Girsu]; KWU228 [Ur III (~2112–2004 BCE) | Administrative]; MZL079 [Standard Babylonian (any period) | Akkado-Babylonian]; RSP281 [Early Dynastic (~2900–2340 BCE) | Presargonic Lagash]; SLLHA044 [Standard Babylonian (any period) | Akkado-Babylonian]
U+12510,|URU×IGI|,|URU×MIN×IGI|,𒔐,LAK650 [Uruk IV–III (~3400–3000 BCE) | Archaic / Uruk]; ELLES317 [Early Dynastic (~2900–2340 BCE) | Ebla]; PTACE082 [Early Dynastic (~2900–2340 BCE) | Ebla]; ABZL184 [Old Babylonian (~2000–1600 BCE) | School texts]; GCSL274 [Gudea period (~2100 BCE) | Lagash / Girsu]; KWU228 [Ur III (~2112–2004 BCE) | Administrative]; MZL079 [Standard Babylonian (any period) | Akkado-Babylonian]; RSP281 [Early Dynastic (~2900–2340 BCE) | Presargonic Lagash]; SLLHA044 [Standard Babylonian (any period) | Akkado-Babylonian]
U+1250D,|URU×MIN|,LAK648,𒔍,LAK648 [Uruk IV–III (~3400–3000 BCE) | Archaic / Uruk]; RSP269 [Early Dynastic (~2900–2340 BCE) | Presargonic Lagash]; ASY024 [Standard Babylonian (any period) | Akkadian syllabary]; ABZL189 [Old Babylonian (~2000–1600 BCE) | School texts]; ELLES314 [Early Dynastic (~2900–2340 BCE) | Ebla]; KWU226 [Ur III (~2112–2004 BCE) | Administrative]; MZL080 [Standard Babylonian (any period) | Akkado-Babylonian]; PTACE081 [Early Dynastic (~2900–2340 BCE) | Ebla]; SLLHA049x [Standard Babylonian (any period) | Akkado-Babylonian]; SYA019 [Standard Babylonian (any period) | Akkadian syllabary]
U+12386,|URU×TU|,|KA×TU|,𒎆,ABZL188 [Old Babylonian (~2000–1600 BCE) | School texts]; MZL072 [Standard Babylonian (any period) | Akkado-Babylonian]; SLLHA039 [Standard Babylonian (any period) | Akkado-Babylonian]
U+12516,|URU×URUDA|,|LAK648×URUDA|,𒔖,LAK653 [Uruk IV–III (~3400–3000 BCE) | Archaic / Uruk]; LAK716 [Uruk IV–III (~3400–3000 BCE) | Archaic / Uruk]; ELLES318 [Early Dynastic (~2900–2340 BCE) | Ebla]; PTACE083 [Early Dynastic (~2900–2340 BCE) | Ebla]; ABZL182 [Old Babylonian (~2000–1600 BCE) | School texts]; GCSL275 [Gudea period (~2100 BCE) | Lagash / Girsu]; KWU229 [Ur III (~2112–2004 BCE) | Administrative]; MZL075 [Standard Babylonian (any period) | Akkado-Babylonian]; RSP282 [Early Dynastic (~2900–2340 BCE) | Presargonic Lagash]; SLLHA041 [Standard Babylonian (any period) | Akkado-Babylonian]
U+1238D,|ZA.AN.MUŠ₃@g|,|MUŠ₃×ZA|,𒎍,RSP099^a [Early Dynastic (~2900–2340 BCE) | Presargonic Lagash]
U+1258C [unverified],1(EŠE₃),1(EŠE₃@c),𒖌,LAK856 [Uruk IV–III (~3400–3000 BCE) | Archaic / Uruk]; RSP027^a [Early Dynastic (~2900–2340 BCE) | Presargonic Lagash]; ABZL025 [Old Babylonian (~2000–1600 BCE) | School texts]; HZL013 [Hittite period (~1650–1180 BCE) | Hittite]; MZL114 [Standard Babylonian (any period) | Akkado-Babylonian]; SLLHA069 [Standard Babylonian (any period) | Akkado-Babylonian]
U+1258D [unverified],2(EŠE₃),2(EŠE₃@c),𒖍,MZL359 [Standard Babylonian (any period) | Akkado-Babylonian]; SLLHA214 [Standard Babylonian (any period) | Akkado-Babylonian]
U+1257A [unverified],2(ŠAR₂),2(ŠAR₂@c),𒕺,
U+1257B [unverified],3(ŠAR₂),3(ŠAR₂@c),𒕻,
U+1257C [unverified],4(ŠAR₂),4(ŠAR₂@c),𒕼,
U+1257D [unverified],5(ŠAR₂),5(ŠAR₂@c),𒕽,
U+1257E [unverified],6(ŠAR₂),6(ŠAR₂@c),𒕾,
U+1257F [unverified],7(ŠAR₂),7(ŠAR₂@c),𒕿,
U+12580 [unverified],8(ŠAR₂),8(ŠAR₂@c),𒖀,
U+12581 [unverified],9(ŠAR₂),9(ŠAR₂@c),𒖁,
U+1258F [unverified],2(BURU),2(BURU@c),𒖏,
U+12590 [unverified],3(BURU),3(BURU@c),𒖐,
U+12591 [unverified],4(BURU),4(BURU@c),𒖑,
U+12592 [unverified],5(BURU),5(BURU@c),𒖒,
U+12574 [unverified],1(GEŠU),GEŠU@c,𒕴,LAK823^a [Uruk IV–III (~3400–3000 BCE) | Archaic / Uruk]; LAK842^a [Uruk IV–III (~3400–3000 BCE) | Archaic / Uruk]; RSP027 [Early Dynastic (~2900–2340 BCE) | Presargonic Lagash]; LAK823^b [Uruk IV–III (~3400–3000 BCE) | Archaic / Uruk]; LAK842^b [Uruk IV–III (~3400–3000 BCE) | Archaic / Uruk]; RSP021 [Early Dynastic (~2900–2340 BCE) | Presargonic Lagash]
U+12575 [unverified],2(GEŠU),2(GEŠU@c),𒕵,
U+12576 [unverified],3(GEŠU),3(GEŠU@c),𒕶,
U+12577 [unverified],4(GEŠU),4(GEŠU@c),𒕷,
U+12578 [unverified],5(GEŠU),5(GEŠU@c),𒕸,
U+1256B [unverified],1(GEŠ₂),GEŠ₂@c,𒕫,LAK822^a [Uruk IV–III (~3400–3000 BCE) | Archaic / Uruk]; LAK841^a [Uruk IV–III (~3400–3000 BCE) | Archaic / Uruk]; RSP025 [Early Dynastic (~2900–2340 BCE) | Presargonic Lagash]; LAK822^b [Uruk IV–III (~3400–3000 BCE) | Archaic / Uruk]; LAK841^b [Uruk IV–III (~3400–3000 BCE) | Archaic / Uruk]; RSP003 [Early Dynastic (~2900–2340 BCE) | Presargonic Lagash]
U+1256C [unverified],2(GEŠ₂),2(GEŠ₂@c),𒕬,
U+1256D [unverified],3(GEŠ₂),3(GEŠ₂@c),𒕭,
U+1256E [unverified],4(GEŠ₂),4(GEŠ₂@c),𒕮,
U+1256F [unverified],5(GEŠ₂),5(GEŠ₂@c),𒕯,
U+12570 [unverified],6(GEŠ₂),6(GEŠ₂@c),𒕰,
U+12571 [unverified],7(GEŠ₂),7(GEŠ₂@c),𒕱,
U+12572 [unverified],8(GEŠ₂),8(GEŠ₂@c),𒕲,
U+12573 [unverified],9(GEŠ₂),9(GEŠ₂@c),𒕳,
U+1255C [unverified],4(DIŠ),4(DIŠ@c),𒕜,LAK837^a [Uruk IV–III (~3400–3000 BCE) | Archaic / Uruk]; LAK837^b [Uruk IV–III (~3400–3000 BCE) | Archaic / Uruk]; ABZL474 [Old Babylonian (~2000–1600 BCE) | School texts]
U+1255D [unverified],5(DIŠ),5(DIŠ@c),𒕝,ASY324 [Standard Babylonian (any period) | Akkadian syllabary]; ABZL476 [Old Babylonian (~2000–1600 BCE) | School texts]; HZL371 [Hittite period (~1650–1180 BCE) | Hittite]; MZL861 [Standard Babylonian (any period) | Akkado-Babylonian]; SLLHA598a [Standard Babylonian (any period) | Akkado-Babylonian]; SYA284 [Standard Babylonian (any period) | Akkadian syllabary]
U+1255E [unverified],6(DIŠ),6(DIŠ@c),𒕞,ASY325 [Standard Babylonian (any period) | Akkadian syllabary]; ABZL477 [Old Babylonian (~2000–1600 BCE) | School texts]; HZL372 [Hittite period (~1650–1180 BCE) | Hittite]; MZL862 [Standard Babylonian (any period) | Akkado-Babylonian]; SLLHA598b [Standard Babylonian (any period) | Akkado-Babylonian]; SYA285 [Standard Babylonian (any period) | Akkadian syllabary]
U+1255F [unverified],7(DIŠ),7(DIŠ@c),𒕟,ABZL478 [Old Babylonian (~2000–1600 BCE) | School texts]; HZL373 [Hittite period (~1650–1180 BCE) | Hittite]; MZL863 [Standard Babylonian (any period) | Akkado-Babylonian]; SLLHA598n1 [Standard Babylonian (any period) | Akkado-Babylonian]
U+12560 [unverified],8(DIŠ),8(DIŠ@c),𒕠,ABZL479 [Old Babylonian (~2000–1600 BCE) | School texts]; HZL374 [Hittite period (~1650–1180 BCE) | Hittite]; MZL864 [Standard Babylonian (any period) | Akkado-Babylonian]; SLLHA598n2 [Standard Babylonian (any period) | Akkado-Babylonian]; MZL867 [Standard Babylonian (any period) | Akkado-Babylonian]; SLLHA598d [Standard Babylonian (any period) | Akkado-Babylonian]
U+12551 [unverified],2(AŠ),2(AŠ@c),𒕑,HZL001 [Hittite period (~1650–1180 BCE) | Hittite]; MZL002 [Standard Babylonian (any period) | Akkado-Babylonian]; SLLHA002 [Standard Babylonian (any period) | Akkado-Babylonian]
U+12552 [unverified],3(AŠ),3(AŠ@c),𒕒,ABZL002 [Old Babylonian (~2000–1600 BCE) | School texts]; MZL004 [Standard Babylonian (any period) | Akkado-Babylonian]; SLLHA002a [Standard Babylonian (any period) | Akkado-Babylonian]
U+12553 [unverified],4(AŠ),4(AŠ@c),𒕓,LAK091 [Uruk IV–III (~3400–3000 BCE) | Archaic / Uruk]; ASY091 [Standard Babylonian (any period) | Akkadian syllabary]; ABZL110 [Old Babylonian (~2000–1600 BCE) | School texts]; MZL215 [Standard Babylonian (any period) | Akkado-Babylonian]; SLLHA124_42 [Standard Babylonian (any period) | Akkado-Babylonian]
U+12554 [unverified],5(AŠ),5(AŠ@c),𒕔,MZL216 [Standard Babylonian (any period) | Akkado-Babylonian]; SLLHA125b [Standard Babylonian (any period) | Akkado-Babylonian]
U+12555 [unverified],6(AŠ),6(AŠ@c),𒕕,MZL217 [Standard Babylonian (any period) | Akkado-Babylonian]; SLLHA125c [Standard Babylonian (any period) | Akkado-Babylonian]
U+12556 [unverified],7(AŠ),7(AŠ@c),𒕖,MZL218 [Standard Babylonian (any period) | Akkado-Babylonian]; SLLHA125d [Standard Babylonian (any period) | Akkado-Babylonian]
U+1246F [unverified],7(AŠ),7(AŠ@t),𒑯,MZL218 [Standard Babylonian (any period) | Akkado-Babylonian]; SLLHA125d [Standard Babylonian (any period) | Akkado-Babylonian]
U+12557 [unverified],8(AŠ),8(AŠ@c),𒕗,MZL219 [Standard Babylonian (any period) | Akkado-Babylonian]; SLLHA125e [Standard Babylonian (any period) | Akkado-Babylonian]
U+12475 [unverified],8(AŠ),8(AŠ@t),𒑵,MZL219 [Standard Babylonian (any period) | Akkado-Babylonian]; SLLHA125e [Standard Babylonian (any period) | Akkado-Babylonian]
U+12558 [unverified],9(AŠ),9(AŠ@c),𒕘,MZL220 [Standard Babylonian (any period) | Akkado-Babylonian]; SLLHA125f [Standard Babylonian (any period) | Akkado-Babylonian]
U+12476 [unverified],9(AŠ),9(AŠ@t),𒑶,MZL220 [Standard Babylonian (any period) | Akkado-Babylonian]; SLLHA125f [Standard Babylonian (any period) | Akkado-Babylonian]
U+12582 [unverified],1(ŠARU),1(ŠARU@c),𒖂,LAK826^a [Uruk IV–III (~3400–3000 BCE) | Archaic / Uruk]; LAK860 [Uruk IV–III (~3400–3000 BCE) | Archaic / Uruk]; RSP032 [Early Dynastic (~2900–2340 BCE) | Presargonic Lagash]; ABZL284 [Old Babylonian (~2000–1600 BCE) | School texts]; MZL653 [Standard Babylonian (any period) | Akkado-Babylonian]; SLLHA409 [Standard Babylonian (any period) | Akkado-Babylonian]
U+12583 [unverified],2(ŠARU),2(ŠARU@c),𒖃,ABZL285 [Old Babylonian (~2000–1600 BCE) | School texts]; MZL655 [Standard Babylonian (any period) | Akkado-Babylonian]; SLLHA409a [Standard Babylonian (any period) | Akkado-Babylonian]
U+12584 [unverified],3(ŠARU),3(ŠARU@c),𒖄,ABZL286 [Old Babylonian (~2000–1600 BCE) | School texts]; MZL656 [Standard Babylonian (any period) | Akkado-Babylonian]; SLLHA409b [Standard Babylonian (any period) | Akkado-Babylonian]
U+12585 [unverified],4(ŠARU),4(ŠARU@c),𒖅,MZL657 [Standard Babylonian (any period) | Akkado-Babylonian]; SLLHA409c [Standard Babylonian (any period) | Akkado-Babylonian]
U+12586 [unverified],5(ŠARU),5(ŠARU@c),𒖆,MZL658 [Standard Babylonian (any period) | Akkado-Babylonian]; SLLHA409d [Standard Babylonian (any period) | Akkado-Babylonian]
U+12593 [unverified],1(BAN₂),1(BAN₂@c),𒖓,LAK816^a [Uruk IV–III (~3400–3000 BCE) | Archaic / Uruk]; LAK829^a [Uruk IV–III (~3400–3000 BCE) | Archaic / Uruk]; LAK838 [Uruk IV–III (~3400–3000 BCE) | Archaic / Uruk]; RSP036 [Early Dynastic (~2900–2340 BCE) | Presargonic Lagash]; RSP036bis [Early Dynastic (~2900–2340 BCE) | Presargonic Lagash]; LAK816^b [Uruk IV–III (~3400–3000 BCE) | Archaic / Uruk]; LAK829^b [Uruk IV–III (~3400–3000 BCE) | Archaic / Uruk]; ABZL029 [Old Babylonian (~2000–1600 BCE) | School texts]; HZL020 [Hittite period (~1650–1180 BCE) | Hittite]; MZL122 [Standard Babylonian (any period) | Akkado-Babylonian]; RSP019bis [Early Dynastic (~2900–2340 BCE) | Presargonic Lagash]; SLLHA074 [Standard Babylonian (any period) | Akkado-Babylonian]
U+12594 [unverified],2(BAN₂),2(BAN₂@c),𒖔,LAK830^a [Uruk IV–III (~3400–3000 BCE) | Archaic / Uruk]; RSP036bis^a [Early Dynastic (~2900–2340 BCE) | Presargonic Lagash]; LAK830^b [Uruk IV–III (~3400–3000 BCE) | Archaic / Uruk]; ABZL143 [Old Babylonian (~2000–1600 BCE) | School texts]; MZL465 [Standard Babylonian (any period) | Akkado-Babylonian]; RSP019bis [Early Dynastic (~2900–2340 BCE) | Presargonic Lagash]; SLLHA295 [Standard Babylonian (any period) | Akkado-Babylonian]
U+12595 [unverified],3(BAN₂),3(BAN₂@c),𒖕,LAK831^a [Uruk IV–III (~3400–3000 BCE) | Archaic / Uruk]; RSP036bis^b [Early Dynastic (~2900–2340 BCE) | Presargonic Lagash]; LAK831^b [Uruk IV–III (~3400–3000 BCE) | Archaic / Uruk]; MZL549 [Standard Babylonian (any period) | Akkado-Babylonian]; RSP019bis [Early Dynastic (~2900–2340 BCE) | Presargonic Lagash]; SLLHA339 [Standard Babylonian (any period) | Akkado-Babylonian]
U+12596 [unverified],4(BAN₂),4(BAN₂@c),𒖖,LAK832^a [Uruk IV–III (~3400–3000 BCE) | Archaic / Uruk]; RSP036bis^c [Early Dynastic (~2900–2340 BCE) | Presargonic Lagash]; LAK832^b [Uruk IV–III (~3400–3000 BCE) | Archaic / Uruk]; MZL550 [Standard Babylonian (any period) | Akkado-Babylonian]; RSP019bis [Early Dynastic (~2900–2340 BCE) | Presargonic Lagash]; SLLHA340v [Standard Babylonian (any period) | Akkado-Babylonian]
U+12597 [unverified],5(BAN₂),5(BAN₂@c),𒖗,LAK833^a [Uruk IV–III (~3400–3000 BCE) | Archaic / Uruk]; RSP036bis^d [Early Dynastic (~2900–2340 BCE) | Presargonic Lagash]; LAK833^b [Uruk IV–III (~3400–3000 BCE) | Archaic / Uruk]; MZL551 [Standard Babylonian (any period) | Akkado-Babylonian]; RSP019bis [Early Dynastic (~2900–2340 BCE) | Presargonic Lagash]; SLLHA341v [Standard Babylonian (any period) | Akkado-Babylonian]
U+12565 [unverified],4(U),4(U@c),𒕥,ABZL374 [Old Babylonian (~2000–1600 BCE) | School texts]; HZL335 [Hittite period (~1650–1180 BCE) | Hittite]; MZL712 [Standard Babylonian (any period) | Akkado-Babylonian]; SLLHA473 [Standard Babylonian (any period) | Akkado-Babylonian]
U+12566 [unverified],5(U),5(U@c),𒕦,ABZL376 [Old Babylonian (~2000–1600 BCE) | School texts]; GCSL217 [Gudea period (~2100 BCE) | Lagash / Girsu]; MZL714 [Standard Babylonian (any period) | Akkado-Babylonian]; SLLHA475 [Standard Babylonian (any period) | Akkado-Babylonian]
U+12567 [unverified],6(U),6(U@c),𒕧,MZL715 [Standard Babylonian (any period) | Akkado-Babylonian]; SLLHA476 [Standard Babylonian (any period) | Akkado-Babylonian]
U+12568 [unverified],7(U),7(U@c),𒕨,MZL716 [Standard Babylonian (any period) | Akkado-Babylonian]; SLLHA477 [Standard Babylonian (any period) | Akkado-Babylonian]
U+12569 [unverified],8(U),8(U@c),𒕩,MZL717 [Standard Babylonian (any period) | Akkado-Babylonian]; SLLHA478 [Standard Babylonian (any period) | Akkado-Babylonian]
U+1256A [unverified],9(U),9(U@c),𒕪,MZL718 [Standard Babylonian (any period) | Akkado-Babylonian]; SLLHA479 [Standard Babylonian (any period) | Akkado-Babylonian]
