word_id,unresolved_name,sign_type,provenance,period_index,count
P251564_470,šum2,UNKNOWN,uncertain,Old Babylonian,40
P388305_95,inim,UNKNOWN,uncertain,Old Babylonian,28
P388305_10,ka,UNKNOWN,uncertain,Old Babylonian,23
P283685_36,ka,UNKNOWN,Ur,Old Babylonian,19
P388305_25,tukum,UNKNOWN,uncertain,Old Babylonian,19
P388305_43,nanna,UNKNOWN,uncertain,Old Babylonian,18
P388305_73,,UNKNOWN,uncertain,Old Babylonian,15
P346376_4,du11,UNKNOWN,Ur,Old Babylonian,13
P229166_2,nimbar,UNKNOWN,Nippur,Old Babylonian,12
P283685_6,šum2,UNKNOWN,Ur,Old Babylonian,12
P388305_30,du11,UNKNOWN,uncertain,Old Babylonian,11
P251564_11,gan,UNKNOWN,uncertain,Old Babylonian,10
P251564_120,e3,UNKNOWN,uncertain,Old Babylonian,10
P229166_292,ka,UNKNOWN,Nippur,Old Babylonian,9
P346368_14,te,UNKNOWN,Ur,Old Babylonian,9
P283689_6,sa6,UNKNOWN,Ur,Old Babylonian,9
P481816_6,ka,UNKNOWN,Sippar-Yahrurum,Old Babylonian,8
P388305_34,geme2,UNKNOWN,uncertain,Old Babylonian,7
P283687_31,inim,UNKNOWN,Ur,Old Babylonian,7
P283685_30,ugu,UNKNOWN,Ur,Old Babylonian,7
P368906_24,&,UNKNOWN,Nippur,Old Babylonian,7
P346365_4,KA,UNKNOWN,Ur,Old Babylonian,6
P499234_22,nanna,UNKNOWN,Ur,Early Old Babylonian,6
P388305_54,i7,UNKNOWN,uncertain,Old Babylonian,6
P251564_425,ugu,UNKNOWN,uncertain,Old Babylonian,6
P346314_3,diri,UNKNOWN,Ur,Old Babylonian,6
P251564_118,te,UNKNOWN,uncertain,Old Babylonian,5
P346341_10,gu3,UNKNOWN,Ur,Old Babylonian,5
P227526_9,_,UNKNOWN,Nippur,Old Babylonian,5
P229166_17,zu2,UNKNOWN,Nippur,Old Babylonian,4
P252326_4,zu2,UNKNOWN,uncertain,Old Babylonian,4
P229166_148,KA,UNKNOWN,Nippur,Old Babylonian,4
P254883_6,gul,UNKNOWN,Ur,Old Babylonian,4
P323467_19,nanna,UNKNOWN,,Old Akkadian,4
P499234_26,i7,UNKNOWN,Ur,Early Old Babylonian,4
P459060_39,inim,UNKNOWN,Nippur,Old Babylonian,4
P251568_25,puzur4,UNKNOWN,uncertain,Old Babylonian,4
P346321_5,il2,UNKNOWN,Ur,Old Babylonian,4
P323472_2,u9,UNKNOWN,,Old Akkadian,4
P227526_22,_kalam,UNKNOWN,Nippur,Old Babylonian,4
P323974_5,zu2,UNKNOWN,uncertain,Old Akkadian,3
P254872_9,zu2,UNKNOWN,Ur,Old Babylonian,3
P251564_46,gul,UNKNOWN,uncertain,Old Babylonian,3
P283687_17,tukum,UNKNOWN,Ur,Old Babylonian,3
P346374_8,geme2,UNKNOWN,Ur,Old Babylonian,3
P346368_2,i7,UNKNOWN,Ur,Old Babylonian,3
P388305_60,2(diš),UNKNOWN,uncertain,Old Babylonian,3
P283685_37,,UNKNOWN,Ur,Old Babylonian,3
P323974_3,e3,UNKNOWN,uncertain,Old Akkadian,3
P459060_26,nibru,UNKNOWN,Nippur,Old Babylonian,3
P368911_7,šamkan,UNKNOWN,Nippur,Old Babylonian,3
P251564_46,bad3,UNKNOWN,uncertain,Old Babylonian,3
P499234_70,bad3,UNKNOWN,Ur,Early Old Babylonian,3
P499234_48,ugnim,UNKNOWN,Ur,Early Old Babylonian,3
P342646_40,ur5,UNKNOWN,uncertain,Old Babylonian,3
P346331_5,ul,UNKNOWN,Ur,Old Babylonian,3
P251568_36,se3,UNKNOWN,uncertain,Old Babylonian,3
P253576_21,il2,UNKNOWN,uncertain,Old Babylonian,3
P323472_6,edin,UNKNOWN,,Old Akkadian,3
P254866_9,hul2,UNKNOWN,Ur,Old Babylonian,3
P254872_4,er2,UNKNOWN,Ur,Old Babylonian,3
P229166_64,238,UNKNOWN,Nippur,Old Babylonian,2
P229166_116,1,UNKNOWN,Nippur,Old Babylonian,2
P329105_4,KA,UNKNOWN,uncertain,Old Akkadian,2
P499234_58,ka,UNKNOWN,Ur,Early Old Babylonian,2
P229166_310,bugin,UNKNOWN,Nippur,Old Babylonian,2
P300856_18,gan,UNKNOWN,,Ur III,2
P229166_339,eme,UNKNOWN,Nippur,Old Babylonian,2
P260391_4,du11,UNKNOWN,Nippur,Old Babylonian,2
P283684_14,nanna,UNKNOWN,Ur,Old Babylonian,2
P388305_51,gešimmar,UNKNOWN,uncertain,Old Babylonian,2
P388305_55,buranun,UNKNOWN,uncertain,Old Babylonian,2
P499236_24,2(diš),UNKNOWN,Ur,Early Old Babylonian,2
P481816_29,te,UNKNOWN,Sippar-Yahrurum,Old Babylonian,2
P262852_4,te,UNKNOWN,Nippur,Old Babylonian,2
P300856_18,e3,UNKNOWN,,Ur III,2
P200933_30,ga6,UNKNOWN,uncertain,Ur III,2
P283687_16,šid,UNKNOWN,Ur,Old Babylonian,2
P251564_447,sa6,UNKNOWN,uncertain,Old Babylonian,2
P329105_7,sa6,UNKNOWN,uncertain,Old Akkadian,2
P323468_30,sa6,UNKNOWN,,Old Akkadian,2
P251564_288,ugnim,UNKNOWN,uncertain,Old Babylonian,2
P251564_562,dur2,UNKNOWN,uncertain,Old Babylonian,2
P323467_11,dur2,UNKNOWN,,Old Akkadian,2
P346374_6,dur2,UNKNOWN,Ur,Old Babylonian,2
P342646_69,ul,UNKNOWN,uncertain,Old Babylonian,2
P252326_12,ah,UNKNOWN,uncertain,Old Babylonian,2
P283684_1,_1(diš),UNKNOWN,Ur,Old Babylonian,2
P499234_143,ṣi,UNKNOWN,Ur,Early Old Babylonian,2
P342643_83,pad,UNKNOWN,uncertain,Old Babylonian,2
P346310_4,pad,UNKNOWN,Ur,Old Babylonian,2
P427606_40,nigar,UNKNOWN,,Old Babylonian,2
P262849_1,nusku,UNKNOWN,Nippur,Old Babylonian,2
P346344_2,du14,UNKNOWN,Ur,Old Babylonian,2
P254867_14,mu7,UNKNOWN,Ur,Old Babylonian,2
P346341_7,addirx(|PA+GISAL+PAD+SI+A+GA|),UNKNOWN,Ur,Old Babylonian,2
P346297_4,azx(PIRIG),UNKNOWN,Ur,Old Babylonian,2
P346368_37,šen,UNKNOWN,Ur,Old Babylonian,2
P346308_2,libx(|NI+UDU|),UNKNOWN,Ur,Old Babylonian,2
P020479_5,nindax(DU),UNKNOWN,Nippur,ED IIIb,2
P256319_2,šuku,UNKNOWN,Nippur,Old Babylonian,2
P229166_22,384,UNKNOWN,Nippur,Old Babylonian,1
P229166_27,411,UNKNOWN,Nippur,Old Babylonian,1
P229166_30,412,UNKNOWN,Nippur,Old Babylonian,1
P229166_35,416,UNKNOWN,Nippur,Old Babylonian,1
P229166_38,421,UNKNOWN,Nippur,Old Babylonian,1
P229166_41,439,UNKNOWN,Nippur,Old Babylonian,1
P229166_43,har,UNKNOWN,Nippur,Old Babylonian,1
P346367_7,har,UNKNOWN,Ur,Old Babylonian,1
P229166_44,441,UNKNOWN,Nippur,Old Babylonian,1
P229166_46,441a,UNKNOWN,Nippur,Old Babylonian,1
P229166_48,447,UNKNOWN,Nippur,Old Babylonian,1
P229166_50,448,UNKNOWN,Nippur,Old Babylonian,1
P229166_52,450,UNKNOWN,Nippur,Old Babylonian,1
P229166_60,EREN,UNKNOWN,Nippur,Old Babylonian,1
P229166_61,466,UNKNOWN,Nippur,Old Babylonian,1
P229166_69,470,UNKNOWN,Nippur,Old Babylonian,1
P229166_72,469,UNKNOWN,Nippur,Old Babylonian,1
P229166_75,480,UNKNOWN,Nippur,Old Babylonian,1
P229166_78,482,UNKNOWN,Nippur,Old Babylonian,1
P229166_81,486,UNKNOWN,Nippur,Old Babylonian,1
P229166_84,488,UNKNOWN,Nippur,Old Babylonian,1
P229166_86,guru5,UNKNOWN,Nippur,Old Babylonian,1
P229166_87,489,UNKNOWN,Nippur,Old Babylonian,1
P229166_94,493,UNKNOWN,Nippur,Old Babylonian,1
P229166_97,494,UNKNOWN,Nippur,Old Babylonian,1
P229166_100,498,UNKNOWN,Nippur,Old Babylonian,1
P229166_105,505,UNKNOWN,Nippur,Old Babylonian,1
P229166_108,515,UNKNOWN,Nippur,Old Babylonian,1
P229166_111,512,UNKNOWN,Nippur,Old Babylonian,1
P229166_113,|LAGABxA|,UNKNOWN,Nippur,Old Babylonian,1
P229166_115,as4,UNKNOWN,Nippur,Old Babylonian,1
P229166_131,21,UNKNOWN,Nippur,Old Babylonian,1
P229166_134,22,UNKNOWN,Nippur,Old Babylonian,1
P229166_137,24,UNKNOWN,Nippur,Old Babylonian,1
P229166_139,ŠID,UNKNOWN,Nippur,Old Babylonian,1
P229166_140,16,UNKNOWN,Nippur,Old Babylonian,1
P229166_143,29,UNKNOWN,Nippur,Old Babylonian,1
P229166_146,36,UNKNOWN,Nippur,Old Babylonian,1
P342643_467,KA,UNKNOWN,uncertain,Old Babylonian,1
P229166_149,38,UNKNOWN,Nippur,Old Babylonian,1
P229166_157,41,UNKNOWN,Nippur,Old Babylonian,1
P229166_159,hub2,UNKNOWN,Nippur,Old Babylonian,1
P251564_103,hub2,UNKNOWN,uncertain,Old Babylonian,1
P346387_56,hub2,UNKNOWN,Ur,Old Babylonian,1
P229166_160,53,UNKNOWN,Nippur,Old Babylonian,1
P229166_163,54,UNKNOWN,Nippur,Old Babylonian,1
P229166_166,55,UNKNOWN,Nippur,Old Babylonian,1
P229166_169,69,UNKNOWN,Nippur,Old Babylonian,1
P229166_172,70,UNKNOWN,Nippur,Old Babylonian,1
P229166_175,71,UNKNOWN,Nippur,Old Babylonian,1
P229166_178,72,UNKNOWN,Nippur,Old Babylonian,1
P229166_187,97,UNKNOWN,Nippur,Old Babylonian,1
P229166_207,116,UNKNOWN,Nippur,Old Babylonian,1
P229166_210,118,UNKNOWN,Nippur,Old Babylonian,1
P229166_223,76,UNKNOWN,Nippur,Old Babylonian,1
P229166_226,81,UNKNOWN,Nippur,Old Babylonian,1
P229166_229,82,UNKNOWN,Nippur,Old Babylonian,1
P229166_231,ukkin,UNKNOWN,Nippur,Old Babylonian,1
P342643_363,ukkin,UNKNOWN,uncertain,Old Babylonian,1
P229166_233,lukur,UNKNOWN,Nippur,Old Babylonian,1
P346383_8,lukur,UNKNOWN,Ur,Old Babylonian,1
P229166_235,gidim,UNKNOWN,Nippur,Old Babylonian,1
P346358_10,gidim,UNKNOWN,Ur,Old Babylonian,1
P229166_238,78,UNKNOWN,Nippur,Old Babylonian,1
P229166_258,105,UNKNOWN,Nippur,Old Babylonian,1
P229166_268,129,UNKNOWN,Nippur,Old Babylonian,1
P229166_271,130,UNKNOWN,Nippur,Old Babylonian,1
P229166_274,gul,UNKNOWN,Nippur,Old Babylonian,1
P499236_56,gul,UNKNOWN,Ur,Early Old Babylonian,1
P229166_275,134,UNKNOWN,Nippur,Old Babylonian,1
P229166_277,135,UNKNOWN,Nippur,Old Babylonian,1
P229166_279,133,UNKNOWN,Nippur,Old Babylonian,1
P229166_281,140,UNKNOWN,Nippur,Old Babylonian,1
P229166_284,143,UNKNOWN,Nippur,Old Babylonian,1
P229166_293,204,UNKNOWN,Nippur,Old Babylonian,1
P229166_298,208,UNKNOWN,Nippur,Old Babylonian,1
P229166_301,|SAL+HUB2|,UNKNOWN,Nippur,Old Babylonian,1
P229166_302,209,UNKNOWN,Nippur,Old Babylonian,1
P229166_305,231,UNKNOWN,Nippur,Old Babylonian,1
P229166_308,232,UNKNOWN,Nippur,Old Babylonian,1
P229166_311,233,UNKNOWN,Nippur,Old Babylonian,1
P229166_314,235,UNKNOWN,Nippur,Old Babylonian,1
P229166_320,242,UNKNOWN,Nippur,Old Babylonian,1
P229166_323,243,UNKNOWN,Nippur,Old Babylonian,1
P229166_326,244,UNKNOWN,Nippur,Old Babylonian,1
P229166_331,247,UNKNOWN,Nippur,Old Babylonian,1
P229166_333,gan,UNKNOWN,Nippur,Old Babylonian,1
P229166_334,248,UNKNOWN,Nippur,Old Babylonian,1
P229166_337,251,UNKNOWN,Nippur,Old Babylonian,1
P253183_13,eme,UNKNOWN,uncertain,Old Babylonian,1
P229166_340,252,UNKNOWN,Nippur,Old Babylonian,1
P229166_342,254,UNKNOWN,Nippur,Old Babylonian,1
P229166_344,255,UNKNOWN,Nippur,Old Babylonian,1
P229166_347,263,UNKNOWN,Nippur,Old Babylonian,1
P229166_352,274,UNKNOWN,Nippur,Old Babylonian,1
P229166_362,6(u),UNKNOWN,Nippur,Old Babylonian,1
P229166_364,354,UNKNOWN,Nippur,Old Babylonian,1
P229166_367,355,UNKNOWN,Nippur,Old Babylonian,1
P229166_370,356,UNKNOWN,Nippur,Old Babylonian,1
P229166_373,357,UNKNOWN,Nippur,Old Babylonian,1
P229166_376,358,UNKNOWN,Nippur,Old Babylonian,1
P229166_380,359,UNKNOWN,Nippur,Old Babylonian,1
P388305_4,tul2,UNKNOWN,uncertain,Old Babylonian,1
P459060_29,tukum,UNKNOWN,Nippur,Old Babylonian,1
P200933_38,du11,UNKNOWN,uncertain,Ur III,1
P323468_22,du11,UNKNOWN,,Old Akkadian,1
P322708_5,du11,UNKNOWN,Adab,Old Akkadian,1
P368911_12,geme2,UNKNOWN,Nippur,Old Babylonian,1
P279734_3,i7,UNKNOWN,Nippur,Old Babylonian,1
P459060_39,,UNKNOWN,Nippur,Old Babylonian,1
P200933_43,inim,UNKNOWN,uncertain,Ur III,1
P427606_42,inim,UNKNOWN,,Old Babylonian,1
P499234_44,inim,UNKNOWN,Ur,Early Old Babylonian,1
P200931_13,kux(KWU636),UNKNOWN,,Old Babylonian,1
P200932_11,te,UNKNOWN,,Old Babylonian,1
P200933_14,te,UNKNOWN,uncertain,Ur III,1
P200932_15,gal(GIR3),UNKNOWN,,Old Babylonian,1
P459060_9,e3,UNKNOWN,Nippur,Old Babylonian,1
P346363_5,e3,UNKNOWN,Ur,Old Babylonian,1
P227241_6,e3,UNKNOWN,uncertain,Ebla,1
P200933_2,mar(E),UNKNOWN,uncertain,Ur III,1
P200933_19,gazx(KUM),UNKNOWN,uncertain,Ur III,1
P368911_16,sum,UNKNOWN,Nippur,Old Babylonian,1
P283687_25,4(ban2),UNKNOWN,Ur,Old Babylonian,1
P342646_20,4(ban2),UNKNOWN,uncertain,Old Babylonian,1
P283685_22,ar3,UNKNOWN,Ur,Old Babylonian,1
P283685_36,keš2_,UNKNOWN,Ur,Old Babylonian,1
P283685_49,ki_,UNKNOWN,Ur,Old Babylonian,1
P427606_49,sa6,UNKNOWN,,Old Babylonian,1
P283689_33,u3(KI),UNKNOWN,Ur,Old Babylonian,1
P283689_39,ṭa,UNKNOWN,Ur,Old Babylonian,1
P251564_63,ṣi2,UNKNOWN,uncertain,Old Babylonian,1
P254893_10,ṣi2,UNKNOWN,Ur,Old Babylonian,1
P251564_83,igti,UNKNOWN,uncertain,Old Babylonian,1
P251564_160,|URUxMIN|,UNKNOWN,uncertain,Old Babylonian,1
P251564_168,…\,UNKNOWN,uncertain,Old Babylonian,1
P251564_207,gigir,UNKNOWN,uncertain,Old Babylonian,1
P346367_6,gigir,UNKNOWN,Ur,Old Babylonian,1
P251564_264,1/2,UNKNOWN,uncertain,Old Babylonian,1
P251564_305,zabar,UNKNOWN,uncertain,Old Babylonian,1
P251564_420,šabra,UNKNOWN,uncertain,Old Babylonian,1
P256319_8,šabra,UNKNOWN,Nippur,Old Babylonian,1
P251564_675,diri,UNKNOWN,uncertain,Old Babylonian,1
P251564_699,libir,UNKNOWN,uncertain,Old Babylonian,1
P481816_46,ul,UNKNOWN,Sippar-Yahrurum,Old Babylonian,1
P251568_76,ma(MIR),UNKNOWN,uncertain,Old Babylonian,1
P251517_12,gu4si,UNKNOWN,uncertain,Old Babylonian,1
P252249_9,ṣir,UNKNOWN,uncertain,Old Babylonian,1
P252262_76,ag3,UNKNOWN,uncertain,Old Babylonian,1
P499236_78,il2,UNKNOWN,Ur,Early Old Babylonian,1
P215413_5,il2,UNKNOWN,Mugdan,ED IIIb,1
P252326_31,li1,UNKNOWN,uncertain,Old Babylonian,1
P252326_32,ṭu3,UNKNOWN,uncertain,Old Babylonian,1
P250815_19,gešnimbar,UNKNOWN,uncertain,Old Babylonian,1
P254010_16,kinkin,UNKNOWN,uncertain,Old Babylonian,1
P254010_19,sig10,UNKNOWN,uncertain,Old Babylonian,1
P254010_26,muru5(|SAL:UD+EDIN|),UNKNOWN,uncertain,Old Babylonian,1
P250669_13,la2la2,UNKNOWN,uncertain,Old Babylonian,1
P250669_35,ha:bu,UNKNOWN,uncertain,Old Babylonian,1
P250669_57,gudu4,UNKNOWN,uncertain,Old Babylonian,1
P250669_69,pil2,UNKNOWN,uncertain,Old Babylonian,1
P253183_2,šeš(ŠE),UNKNOWN,uncertain,Old Babylonian,1
P253183_7,eme(KA),UNKNOWN,uncertain,Old Babylonian,1
P253216_8,kinkin(ARA3),UNKNOWN,uncertain,Old Babylonian,1
P283684_4,ku3_,UNKNOWN,Ur,Old Babylonian,1
P283684_5,ṣi,UNKNOWN,Ur,Old Babylonian,1
P342643_25,ṣi,UNKNOWN,uncertain,Old Babylonian,1
P481816_42,ṣi,UNKNOWN,Sippar-Yahrurum,Old Babylonian,1
P283684_9,gal_,UNKNOWN,Ur,Old Babylonian,1
P283684_10,_ugu_,UNKNOWN,Ur,Old Babylonian,1
P283684_12,_dumu_,UNKNOWN,Ur,Old Babylonian,1
P283684_15,_in,UNKNOWN,Ur,Old Babylonian,1
P283684_15,tuku_,UNKNOWN,Ur,Old Babylonian,1
P283684_16,_igi,UNKNOWN,Ur,Old Babylonian,1
P283684_18,izi_,UNKNOWN,Ur,Old Babylonian,1
P283684_20,_iti,UNKNOWN,Ur,Old Babylonian,1
P283684_21,gar_,UNKNOWN,Ur,Old Babylonian,1
P283684_22,_ša3,UNKNOWN,Ur,Old Babylonian,1
P283684_24,du10_,UNKNOWN,Ur,Old Babylonian,1
P342643_1,n+1(aš),UNKNOWN,uncertain,Old Babylonian,1
P342643_216,nig2:ka9,UNKNOWN,uncertain,Old Babylonian,1
P342643_344,zuh,UNKNOWN,uncertain,Old Babylonian,1
P342643_344,(x),UNKNOWN,uncertain,Old Babylonian,1
P342643_464,MA/BA,UNKNOWN,uncertain,Old Babylonian,1
P342643_577,edin,UNKNOWN,uncertain,Old Babylonian,1
P346358_4,edin,UNKNOWN,Ur,Old Babylonian,1
P368906_25,18,UNKNOWN,Nippur,Old Babylonian,1
P368906_30,19,UNKNOWN,Nippur,Old Babylonian,1
P368906_34,20,UNKNOWN,Nippur,Old Babylonian,1
P368906_38,30,UNKNOWN,Nippur,Old Babylonian,1
P368906_42,40,UNKNOWN,Nippur,Old Babylonian,1
P368906_46,50,UNKNOWN,Nippur,Old Babylonian,1
P427606_16,sanga,UNKNOWN,,Old Babylonian,1
P256319_6,sanga,UNKNOWN,Nippur,Old Babylonian,1
P427606_42,šara2,UNKNOWN,,Old Babylonian,1
P427606_63,5(diš)sila3,UNKNOWN,,Old Babylonian,1
P481816_11,_kaskal_,UNKNOWN,Sippar-Yahrurum,Old Babylonian,1
P481816_12,ṣu2,UNKNOWN,Sippar-Yahrurum,Old Babylonian,1
P481816_18,_2(diš),UNKNOWN,Sippar-Yahrurum,Old Babylonian,1
P481816_20,babbar_,UNKNOWN,Sippar-Yahrurum,Old Babylonian,1
P481816_30,ṭa3,UNKNOWN,Sippar-Yahrurum,Old Babylonian,1
P481816_34,_lugal_,UNKNOWN,Sippar-Yahrurum,Old Babylonian,1
P227526_3,_lugal_,UNKNOWN,Nippur,Old Babylonian,1
P225102_4,am(GUD),UNKNOWN,Nippur,Old Babylonian,1
P279734_9,ambar,UNKNOWN,Nippur,Old Babylonian,1
P279551_3,hul2,UNKNOWN,Nippur,Old Babylonian,1
P323468_10,lah3(LUH),UNKNOWN,,Old Akkadian,1
P323468_12,HUB2,UNKNOWN,,Old Akkadian,1
P323468_18,še3@90,UNKNOWN,,Old Akkadian,1
P346341_4,ix(|A+SUG|),UNKNOWN,Ur,Old Babylonian,1
P254872_2,su11,UNKNOWN,Ur,Old Babylonian,1
P346348_7,geštux(|GIŠ+TUG2|),UNKNOWN,Ur,Old Babylonian,1
P346372_7,ka(SAG),UNKNOWN,Ur,Old Babylonian,1
P346374_15,HUL2,UNKNOWN,Ur,Old Babylonian,1
P346324_4,buru4,UNKNOWN,Ur,Old Babylonian,1
P346379_3,hurx(UB),UNKNOWN,Ur,Old Babylonian,1
P346367_1,nir,UNKNOWN,Ur,Old Babylonian,1
P499236_23,nir,UNKNOWN,Ur,Early Old Babylonian,1
P254893_16,HAR,UNKNOWN,Ur,Old Babylonian,1
P346906_10,TU6,UNKNOWN,Ur,Old Babylonian,1
P346403_5,garzaga,UNKNOWN,Ur,Old Babylonian,1
P346403_11,ṣu,UNKNOWN,Ur,Old Babylonian,1
P346295_25,tur3,UNKNOWN,Ur,Old Babylonian,1
P346414_20,ṣa,UNKNOWN,Ur,Old Babylonian,1
P227526_18,ṣa,UNKNOWN,Nippur,Old Babylonian,1
P346414_36,iti6,UNKNOWN,Ur,Old Babylonian,1
P346334_2,ukur3,UNKNOWN,Ur,Old Babylonian,1
P227526_6,_sag,UNKNOWN,Nippur,Old Babylonian,1
P227526_6,ra_,UNKNOWN,Nippur,Old Babylonian,1
P227526_9,tukul_,UNKNOWN,Nippur,Old Babylonian,1
P227526_13,_suhuš,UNKNOWN,Nippur,Old Babylonian,1
P227526_13,suhuš_,UNKNOWN,Nippur,Old Babylonian,1
P227526_24,|LAGABxTIL|,UNKNOWN,Nippur,Old Babylonian,1
P499234_14,sun2,UNKNOWN,Ur,Early Old Babylonian,1
P322678_5,nindax(DU),UNKNOWN,uncertain,Old Akkadian,1
P323026_24,naga,UNKNOWN,Umma,ED IIIb,1
P227241_9,SU3@g,UNKNOWN,uncertain,Ebla,1
P274166_1,_geš_,UNKNOWN,uncertain,Ebla,1
P215413_3,_še,UNKNOWN,Mugdan,ED IIIb,1
P215413_4,gur_,UNKNOWN,Mugdan,ED IIIb,1
