unicode_id,sign_grapheme,transliteration
U+12000,𒀀,a
U+12001,𒀁,a × a
U+12002,𒀂,a × bad
U+12003,𒀃,a × gan₂ tenu
U+12004,𒀄,a × ha
U+12005,𒀅,a × igi
U+12006,𒀆,a × lagar gunu
U+12007,𒀇,a × mush
U+12008,𒀈,a × sag
U+12009,𒀉,a₂
U+1200A,𒀊,ab
U+1200B,𒀋,ab × ash₂
U+1200C,𒀌,ab × dun₃ gunu
U+1200D,𒀍,ab × gal
U+1200E,𒀎,ab × gan₂ tenu
U+1200F,𒀏,ab × ha
U+12010,𒀐,ab × igi gunu
U+12011,𒀑,ab × imin
U+12012,𒀒,ab × lagab
U+12013,𒀓,ab × shesh
U+12014,𒀔,ab × u + u + u
U+12015,𒀕,ab gunu
U+12016,𒀖,ab₂
U+12017,𒀗,ab₂ × balag
U+12018,𒀘,ab₂ × gan₂ tenu
U+12019,𒀙,ab₂ × me + en
U+1201A,𒀚,ab₂ × sha₃
U+1201B,𒀛,ab₂ × tak₄
U+1201C,𒀜,ad
U+1201D,𒀝,ak
U+1201E,𒀞,ak × erin₂
U+1201F,𒀟,ak × shita + gish
U+12020,𒀠,al
U+12021,𒀡,al × al
U+12022,𒀢,al × dim₂
U+12023,𒀣,al × gish
U+12024,𒀤,al × ha
U+12025,𒀥,al × kad₃
U+12026,𒀦,al × ki
U+12027,𒀧,al × she
U+12028,𒀨,al × ush
U+12029,𒀩,alan
U+1202A,𒀪,aleph
U+1202B,𒀫,amar
U+1202C,𒀬,amar × she
U+1202D,𒀭,an
U+1202E,𒀮,an / an
U+1202F,𒀯,an three ×
U+12030,𒀰,an + naga opposing an + naga
U+12031,𒀱,an + naga squared
U+12032,𒀲,anshe
U+12033,𒀳,apin
U+12034,𒀴,arad
U+12035,𒀵,arad × kur
U+12036,𒀶,arkab
U+12037,𒀷,asal₂
U+12038,𒀸,ash
U+12039,𒀹,ash zida tenu
U+1203A,𒀺,ash kaba tenu
U+1203B,𒀻,ash / ash tug₂ / tug₂ tug₂ / tug₂ pap
U+1203C,𒀼,ash / ash / ash
U+1203D,𒀽,ash / ash / ash crossing ash / ash / ash
U+1203E,𒀾,ash₂
U+1203F,𒀿,ashgab
U+12040,𒁀,ba
U+12041,𒁁,bad
U+12042,𒁂,bag₃
U+12043,𒁃,bahar₂
U+12044,𒁄,bal
U+12045,𒁅,bal / bal
U+12046,𒁆,balag
U+12047,𒁇,bar
U+12048,𒁈,bara₂
U+12049,𒁉,bi
U+1204A,𒁊,bi × a
U+1204B,𒁋,bi × gar
U+1204C,𒁌,bi × igi gunu
U+1204D,𒁍,bu
U+1204E,𒁎,bu / bu ab
U+1204F,𒁏,bu / bu un
U+12050,𒁐,bu crossing bu
U+12051,𒁑,bulug
U+12052,𒁒,bulug / bulug
U+12053,𒁓,bur
U+12054,𒁔,bur₂
U+12055,𒁕,da
U+12056,𒁖,dag
U+12057,𒁗,dag kisim₅ × a + mash
U+12058,𒁘,dag kisim₅ × amar
U+12059,𒁙,dag kisim₅ × balag
U+1205A,𒁚,dag kisim₅ × bi
U+1205B,𒁛,dag kisim₅ × ga
U+1205C,𒁜,dag kisim₅ × ga + mash
U+1205D,𒁝,dag kisim₅ × gi
U+1205E,𒁞,dag kisim₅ × gir₂
U+1205F,𒁟,dag kisim₅ × gud
U+12060,𒁠,dag kisim₅ × ha
U+12061,𒁡,dag kisim₅ × ir
U+12062,𒁢,dag kisim₅ × ir + lu
U+12063,𒁣,dag kisim₅ × kak
U+12064,𒁤,dag kisim₅ × la
U+12065,𒁥,dag kisim₅ × lu
U+12066,𒁦,dag kisim₅ × lu + mash₂
U+12067,𒁧,dag kisim₅ × lum
U+12068,𒁨,dag kisim₅ × ne
U+12069,𒁩,dag kisim₅ × pap + pap
U+1206A,𒁪,dag kisim₅ × si
U+1206B,𒁫,dag kisim₅ × tak₄
U+1206C,𒁬,dag kisim₅ × u₂ + gir₂
U+1206D,𒁭,dag kisim₅ × ush
U+1206E,𒁮,dam
U+1206F,𒁯,dar
U+12070,𒁰,dara₃
U+12071,𒁱,dara₄
U+12072,𒁲,di
U+12073,𒁳,dib
U+12074,𒁴,dim
U+12075,𒁵,dim × she
U+12076,𒁶,dim₂
U+12077,𒁷,din
U+12078,𒁸,din kaskal u gunu dish
U+12079,𒁹,dish
U+1207A,𒁺,du
U+1207B,𒁻,du / du
U+1207C,𒁼,du gunu
U+1207D,𒁽,du sheshig
U+1207E,𒁾,dub
U+1207F,𒁿,dub × esh₂
U+12080,𒂀,dub₂
U+12081,𒂁,dug
U+12082,𒂂,dugud
U+12083,𒂃,duh
U+12084,𒂄,dun
U+12085,𒂅,dun₃
U+12086,𒂆,dun₃ gunu
U+12087,𒂇,dun₃ gunu gunu
U+12088,𒂈,dun₄
U+12089,𒂉,dur₂
U+1208A,𒂊,e
U+1208B,𒂋,e × pap
U+1208C,𒂌,e / e nun / nun
U+1208D,𒂍,e₂
U+1208E,𒂎,e₂ × a + ha + da
U+1208F,𒂏,e₂ × gar
U+12090,𒂐,e₂ × mi
U+12091,𒂑,e₂ × sal
U+12092,𒂒,e₂ × she
U+12093,𒂓,e₂ × u
U+12094,𒂔,edin
U+12095,𒂕,egir
U+12096,𒂖,el
U+12097,𒂗,en
U+12098,𒂘,en × gan₂
U+12099,𒂙,en × gan₂ tenu
U+1209A,𒂚,en × me
U+1209B,𒂛,en crossing en
U+1209C,𒂜,en opposing en
U+1209D,𒂝,en squared
U+1209E,𒂞,eren
U+1209F,𒂟,erin₂
U+120A0,𒂠,esh₂
U+120A1,𒂡,ezen
U+120A2,𒂢,ezen × a
U+120A3,𒂣,ezen × a + lal
U+120A4,𒂤,ezen × a + lal × lal
U+120A5,𒂥,ezen × an
U+120A6,𒂦,ezen × bad
U+120A7,𒂧,ezen × dun₃ gunu
U+120A8,𒂨,ezen × dun₃ gunu gunu
U+120A9,𒂩,ezen × ha
U+120AA,𒂪,ezen × ha gunu
U+120AB,𒂫,ezen × igi gunu
U+120AC,𒂬,ezen × kaskal
U+120AD,𒂭,ezen × kaskal squared
U+120AE,𒂮,ezen × ku₃
U+120AF,𒂯,ezen × la
U+120B0,𒂰,ezen × lal × lal
U+120B1,𒂱,ezen × li
U+120B2,𒂲,ezen × lu
U+120B3,𒂳,ezen × u₂
U+120B4,𒂴,ezen × ud
U+120B5,𒂵,ga
U+120B6,𒂶,ga gunu
U+120B7,𒂷,ga₂
U+120B8,𒂸,ga₂ × a + da + ha
U+120B9,𒂹,ga₂ × a + ha
U+120BA,𒂺,ga₂ × a + igi
U+120BB,𒂻,ga₂ × ab₂ tenu + tab
U+120BC,𒂼,ga₂ × an
U+120BD,𒂽,ga₂ × ash
U+120BE,𒂾,ga₂ × ash₂ + gal
U+120BF,𒂿,ga₂ × bad
U+120C0,𒃀,ga₂ × bar + ra
U+120C1,𒃁,ga₂ × bur
U+120C2,𒃂,ga₂ × bur + ra
U+120C3,𒃃,ga₂ × da
U+120C4,𒃄,ga₂ × di
U+120C5,𒃅,ga₂ × dim × she
U+120C6,𒃆,ga₂ × dub
U+120C7,𒃇,ga₂ × el
U+120C8,𒃈,ga₂ × el + la
U+120C9,𒃉,ga₂ × en
U+120CA,𒃊,ga₂ × en × gan₂ tenu
U+120CB,𒃋,ga₂ × gan₂ tenu
U+120CC,𒃌,ga₂ × gar
U+120CD,𒃍,ga₂ × gi
U+120CE,𒃎,ga₂ × gi₄
U+120CF,𒃏,ga₂ × gi₄ + a
U+120D0,𒃐,ga₂ × gir₂ + su
U+120D1,𒃑,ga₂ × ha + lu + esh₂
U+120D2,𒃒,ga₂ × hal
U+120D3,𒃓,ga₂ × hal + la
U+120D4,𒃔,ga₂ × hi + li
U+120D5,𒃕,ga₂ × hub₂
U+120D6,𒃖,ga₂ × igi gunu
U+120D7,𒃗,ga₂ × ish + hu + ash
U+120D8,𒃘,ga₂ × kak
U+120D9,𒃙,ga₂ × kaskal
U+120DA,𒃚,ga₂ × kid
U+120DB,𒃛,ga₂ × kid + lal
U+120DC,𒃜,ga₂ × ku₃ + an
U+120DD,𒃝,ga₂ × la
U+120DE,𒃞,ga₂ × me + en
U+120DF,𒃟,ga₂ × mi
U+120E0,𒃠,ga₂ × nun
U+120E1,𒃡,ga₂ × nun / nun
U+120E2,𒃢,ga₂ × pa
U+120E3,𒃣,ga₂ × sal
U+120E4,𒃤,ga₂ × sar
U+120E5,𒃥,ga₂ × she
U+120E6,𒃦,ga₂ × she + tur
U+120E7,𒃧,ga₂ × shid
U+120E8,𒃨,ga₂ × sum
U+120E9,𒃩,ga₂ × tak₄
U+120EA,𒃪,ga₂ × u
U+120EB,𒃫,ga₂ × ud
U+120EC,𒃬,ga₂ × ud + du
U+120ED,𒃭,ga₂ / ga₂
U+120EE,𒃮,gaba
U+120EF,𒃯,gaba crossing gaba
U+120F0,𒃰,gad
U+120F1,𒃱,gad / gad gar / gar
U+120F2,𒃲,gal
U+120F3,𒃳,gal gad / gad gar / gar
U+120F4,𒃴,galam
U+120F5,𒃵,gam
U+120F6,𒃶,gan
U+120F7,𒃷,gan₂
U+120F8,𒃸,gan₂ tenu
U+120F9,𒃹,gan₂ / gan₂
U+120FA,𒃺,gan₂ crossing gan₂
U+120FB,𒃻,gar
U+120FC,𒃼,gar₃
U+120FD,𒃽,gashan
U+120FE,𒃾,geshtin
U+120FF,𒃿,geshtin × kur
U+12100,𒄀,gi
U+12101,𒄁,gi × e
U+12102,𒄂,gi × u
U+12103,𒄃,gi crossing gi
U+12104,𒄄,gi₄
U+12105,𒄅,gi₄ / gi₄
U+12106,𒄆,gi₄ crossing gi₄
U+12107,𒄇,gidim
U+12108,𒄈,gir₂
U+12109,𒄉,gir₂ gunu
U+1210A,𒄊,gir₃
U+1210B,𒄋,gir₃ × a + igi
U+1210C,𒄌,gir₃ × gan₂ tenu
U+1210D,𒄍,gir₃ × igi
U+1210E,𒄎,gir₃ × lu + igi
U+1210F,𒄏,gir₃ × pa
U+12110,𒄐,gisal
U+12111,𒄑,gish
U+12112,𒄒,gish crossing gish
U+12113,𒄓,gish × bad
U+12114,𒄔,gish × tak₄
U+12115,𒄕,gish tenu
U+12116,𒄖,gu
U+12117,𒄗,gu crossing gu
U+12118,𒄘,gu₂
U+12119,𒄙,gu₂ × kak
U+1211A,𒄚,gu₂ × kak × igi gunu
U+1211B,𒄛,gu₂ × nun
U+1211C,𒄜,gu₂ × sal + tug₂
U+1211D,𒄝,gu₂ gunu
U+1211E,𒄞,gud
U+1211F,𒄟,gud × a + kur
U+12120,𒄠,gud × kur
U+12121,𒄡,gud / gud lugal
U+12122,𒄢,gul
U+12123,𒄣,gum
U+12124,𒄤,gum × she
U+12125,𒄥,gur
U+12126,𒄦,gur₇
U+12127,𒄧,gurun
U+12128,𒄨,gurush
U+12129,𒄩,ha
U+1212A,𒄪,ha tenu
U+1212B,𒄫,ha gunu
U+1212C,𒄬,hal
U+1212D,𒄭,hi
U+1212E,𒄮,hi × ash
U+1212F,𒄯,hi × ash₂
U+12130,𒄰,hi × bad
U+12131,𒄱,hi × dish
U+12132,𒄲,hi × gad
U+12133,𒄳,hi × kin
U+12134,𒄴,hi × nun
U+12135,𒄵,hi × she
U+12136,𒄶,hi × u
U+12137,𒄷,hu
U+12138,𒄸,hub₂
U+12139,𒄹,hub₂ × an
U+1213A,𒄺,hub₂ × hal
U+1213B,𒄻,hub₂ × kaskal
U+1213C,𒄼,hub₂ × lish
U+1213D,𒄽,hub₂ × ud
U+1213E,𒄾,hul₂
U+1213F,𒄿,i
U+12140,𒅀,i a
U+12141,𒅁,ib
U+12142,𒅂,idim
U+12143,𒅃,idim / idim bur
U+12144,𒅄,idim / idim squared
U+12145,𒅅,ig
U+12146,𒅆,igi
U+12147,𒅇,igi dib
U+12148,𒅈,igi ri
U+12149,𒅉,igi / igi shir / shir ud / ud
U+1214A,𒅊,igi gunu
U+1214B,𒅋,il
U+1214C,𒅌,il × gan₂ tenu
U+1214D,𒅍,il₂
U+1214E,𒅎,im
U+1214F,𒅏,im × tak₄
U+12150,𒅐,im crossing im
U+12151,𒅑,im opposing im
U+12152,𒅒,im squared
U+12153,𒅓,imin
U+12154,𒅔,in
U+12155,𒅕,ir
U+12156,𒅖,ish
U+12157,𒅗,ka
U+12158,𒅘,ka × a
U+12159,𒅙,ka × ad
U+1215A,𒅚,ka × ad + ku₃
U+1215B,𒅛,ka × ash₂
U+1215C,𒅜,ka × bad
U+1215D,𒅝,ka × balag
U+1215E,𒅞,ka × bar
U+1215F,𒅟,ka × bi
U+12160,𒅠,ka × erin₂
U+12161,𒅡,ka × esh₂
U+12162,𒅢,ka × ga
U+12163,𒅣,ka × gal
U+12164,𒅤,ka × gan₂ tenu
U+12165,𒅥,ka × gar
U+12166,𒅦,ka × gar + sha₃ + a
U+12167,𒅧,ka × gi
U+12168,𒅨,ka × gir₂
U+12169,𒅩,ka × gish + sar
U+1216A,𒅪,ka × gish crossing gish
U+1216B,𒅫,ka × gu
U+1216C,𒅬,ka × gur₇
U+1216D,𒅭,ka × igi
U+1216E,𒅮,ka × im
U+1216F,𒅯,ka × kak
U+12170,𒅰,ka × ki
U+12171,𒅱,ka × kid
U+12172,𒅲,ka × li
U+12173,𒅳,ka × lu
U+12174,𒅴,ka × me
U+12175,𒅵,ka × me + du
U+12176,𒅶,ka × me + gi
U+12177,𒅷,ka × me + te
U+12178,𒅸,ka × mi
U+12179,𒅹,ka × mi + nunuz
U+1217A,𒅺,ka × ne
U+1217B,𒅻,ka × nun
U+1217C,𒅼,ka × pi
U+1217D,𒅽,ka × ru
U+1217E,𒅾,ka × sa
U+1217F,𒅿,ka × sar
U+12180,𒆀,ka × sha
U+12181,𒆁,ka × she
U+12182,𒆂,ka × shid
U+12183,𒆃,ka × shu
U+12184,𒆄,ka × sig
U+12185,𒆅,ka × suhur
U+12186,𒆆,ka × tar
U+12187,𒆇,ka × u
U+12188,𒆈,ka × u₂
U+12189,𒆉,ka × ud
U+1218A,𒆊,ka × umum × pa
U+1218B,𒆋,ka × ush
U+1218C,𒆌,ka × zi
U+1218D,𒆍,ka₂
U+1218E,𒆎,ka₂ crossing ka₂
U+1218F,𒆏,kab
U+12190,𒆐,kad₂
U+12191,𒆑,kad₃
U+12192,𒆒,kad₄
U+12193,𒆓,kad₅
U+12194,𒆔,kad₅ / kad₅
U+12195,𒆕,kak
U+12196,𒆖,kak × igi gunu
U+12197,𒆗,kal
U+12198,𒆘,kal × bad
U+12199,𒆙,kal crossing kal
U+1219A,𒆚,kam₂
U+1219B,𒆛,kam₄
U+1219C,𒆜,kaskal
U+1219D,𒆝,kaskal lagab × u / lagab × u
U+1219E,𒆞,kaskal / kaskal lagab × u / lagab × u
U+1219F,𒆟,kesh₂
U+121A0,𒆠,ki
U+121A1,𒆡,ki × bad
U+121A2,𒆢,ki × u
U+121A3,𒆣,ki × ud
U+121A4,𒆤,kid
U+121A5,𒆥,kin
U+121A6,𒆦,kisal
U+121A7,𒆧,kish
U+121A8,𒆨,kisim₅
U+121A9,𒆩,kisim₅ / kisim₅
U+121AA,𒆪,ku
U+121AB,𒆫,ku / hi × ash₂ ku / hi × ash₂
U+121AC,𒆬,ku₃
U+121AD,𒆭,ku₄
U+121AE,𒆮,ku₄ variant form
U+121AF,𒆯,ku₇
U+121B0,𒆰,kul
U+121B1,𒆱,kul gunu
U+121B2,𒆲,kun
U+121B3,𒆳,kur
U+121B4,𒆴,kur opposing kur
U+121B5,𒆵,kushu₂
U+121B6,𒆶,kwu₃₁₈
U+121B7,𒆷,la
U+121B8,𒆸,lagab
U+121B9,𒆹,lagab × a
U+121BA,𒆺,lagab × a + da + ha
U+121BB,𒆻,lagab × a + gar
U+121BC,𒆼,lagab × a + lal
U+121BD,𒆽,lagab × al
U+121BE,𒆾,lagab × an
U+121BF,𒆿,lagab × ash zida tenu
U+121C0,𒇀,lagab × bad
U+121C1,𒇁,lagab × bi
U+121C2,𒇂,lagab × dar
U+121C3,𒇃,lagab × en
U+121C4,𒇄,lagab × ga
U+121C5,𒇅,lagab × gar
U+121C6,𒇆,lagab × gud
U+121C7,𒇇,lagab × gud + gud
U+121C8,𒇈,lagab × ha
U+121C9,𒇉,lagab × hal
U+121CA,𒇊,lagab × hi × nun
U+121CB,𒇋,lagab × igi gunu
U+121CC,𒇌,lagab × im
U+121CD,𒇍,lagab × im + ha
U+121CE,𒇎,lagab × im + lu
U+121CF,𒇏,lagab × ki
U+121D0,𒇐,lagab × kin
U+121D1,𒇑,lagab × ku₃
U+121D2,𒇒,lagab × kul
U+121D3,𒇓,lagab × kul + hi + a
U+121D4,𒇔,lagab × lagab
U+121D5,𒇕,lagab × lish
U+121D6,𒇖,lagab × lu
U+121D7,𒇗,lagab × lul
U+121D8,𒇘,lagab × me
U+121D9,𒇙,lagab × me + en
U+121DA,𒇚,lagab × mush
U+121DB,𒇛,lagab × ne
U+121DC,𒇜,lagab × she + sum
U+121DD,𒇝,lagab × shita + gish + erin₂
U+121DE,𒇞,lagab × shita + gish tenu
U+121DF,𒇟,lagab × shu₂
U+121E0,𒇠,lagab × shu₂ + shu₂
U+121E1,𒇡,lagab × sum
U+121E2,𒇢,lagab × tag
U+121E3,𒇣,lagab × tak₄
U+121E4,𒇤,lagab × te + a + su + na
U+121E5,𒇥,lagab × u
U+121E6,𒇦,lagab × u + a
U+121E7,𒇧,lagab × u + u + u
U+121E8,𒇨,lagab × u₂ + ash
U+121E9,𒇩,lagab × ud
U+121EA,𒇪,lagab × ush
U+121EB,𒇫,lagab squared
U+121EC,𒇬,lagar
U+121ED,𒇭,lagar × she
U+121EE,𒇮,lagar × she + sum
U+121EF,𒇯,lagar gunu
U+121F0,𒇰,lagar gunu / lagar gunu she
U+121F1,𒇱,lahshu
U+121F2,𒇲,lal
U+121F3,𒇳,lal × lal
U+121F4,𒇴,lam
U+121F5,𒇵,lam × kur
U+121F6,𒇶,lam × kur + ru
U+121F7,𒇷,li
U+121F8,𒇸,lil
U+121F9,𒇹,limmu₂
U+121FA,𒇺,lish
U+121FB,𒇻,lu
U+121FC,𒇼,lu × bad
U+121FD,𒇽,lu₂
U+121FE,𒇾,lu₂ × al
U+121FF,𒇿,lu₂ × bad
U+12200,𒈀,lu₂ × esh₂
U+12201,𒈁,lu₂ × esh₂ tenu
U+12202,𒈂,lu₂ × gan₂ tenu
U+12203,𒈃,lu₂ × hi × bad
U+12204,𒈄,lu₂ × im
U+12205,𒈅,lu₂ × kad₂
U+12206,𒈆,lu₂ × kad₃
U+12207,𒈇,lu₂ × kad₃ + ash
U+12208,𒈈,lu₂ × ki
U+12209,𒈉,lu₂ × la + ash
U+1220A,𒈊,lu₂ × lagab
U+1220B,𒈋,lu₂ × me + en
U+1220C,𒈌,lu₂ × ne
U+1220D,𒈍,lu₂ × nu
U+1220E,𒈎,lu₂ × si + ash
U+1220F,𒈏,lu₂ × sik₂ + bu
U+12210,𒈐,lu₂ × tug₂
U+12211,𒈑,lu₂ tenu
U+12212,𒈒,lu₂ crossing lu₂
U+12213,𒈓,lu₂ opposing lu₂
U+12214,𒈔,lu₂ squared
U+12215,𒈕,lu₂ sheshig
U+12216,𒈖,lu₃
U+12217,𒈗,lugal
U+12218,𒈘,lugal / lugal
U+12219,𒈙,lugal opposing lugal
U+1221A,𒈚,lugal sheshig
U+1221B,𒈛,luh
U+1221C,𒈜,lul
U+1221D,𒈝,lum
U+1221E,𒈞,lum / lum
U+1221F,𒈟,lum / lum gar / gar
U+12220,𒈠,ma
U+12221,𒈡,ma × tak₄
U+12222,𒈢,ma gunu
U+12223,𒈣,ma₂
U+12224,𒈤,mah
U+12225,𒈥,mar
U+12226,𒈦,mash
U+12227,𒈧,mash₂
U+12228,𒈨,me
U+12229,𒈩,mes
U+1222A,𒈪,mi
U+1222B,𒈫,min
U+1222C,𒈬,mu
U+1222D,𒈭,mu / mu
U+1222E,𒈮,mug
U+1222F,𒈯,mug gunu
U+12230,𒈰,munsub
U+12231,𒈱,murgu₂
U+12232,𒈲,mush
U+12233,𒈳,mush × a
U+12234,𒈴,mush × kur
U+12235,𒈵,mush × za
U+12236,𒈶,mush / mush
U+12237,𒈷,mush / mush × a + na
U+12238,𒈸,mush crossing mush
U+12239,𒈹,mush₃
U+1223A,𒈺,mush₃ × a
U+1223B,𒈻,mush₃ × a + di
U+1223C,𒈼,mush₃ × di
U+1223D,𒈽,mush₃ gunu
U+1223E,𒈾,na
U+1223F,𒈿,na₂
U+12240,𒉀,naga
U+12241,𒉁,naga inv.
U+12242,𒉂,naga × shu tenu
U+12243,𒉃,naga opposing naga
U+12244,𒉄,nagar
U+12245,𒉅,nam nutillu
U+12246,𒉆,nam
U+12247,𒉇,nam₂
U+12248,𒉈,ne
U+12249,𒉉,ne × a
U+1224A,𒉊,ne × ud
U+1224B,𒉋,ne sheshig
U+1224C,𒉌,ni
U+1224D,𒉍,ni × e
U+1224E,𒉎,ni₂
U+1224F,𒉏,nim
U+12250,𒉐,nim × gan₂ tenu
U+12251,𒉑,nim × gar + gan₂ tenu
U+12252,𒉒,ninda₂
U+12253,𒉓,ninda₂ × an
U+12254,𒉔,ninda₂ × ash
U+12255,𒉕,ninda₂ × ash + ash
U+12256,𒉖,ninda₂ × gud
U+12257,𒉗,ninda₂ × me + gan₂ tenu
U+12258,𒉘,ninda₂ × ne
U+12259,𒉙,ninda₂ × nun
U+1225A,𒉚,ninda₂ × she
U+1225B,𒉛,ninda₂ × she + a an
U+1225C,𒉜,ninda₂ × she + ash
U+1225D,𒉝,ninda₂ × she + ash + ash
U+1225E,𒉞,ninda₂ × u₂ + ash
U+1225F,𒉟,ninda₂ × ush
U+12260,𒉠,nisag
U+12261,𒉡,nu
U+12262,𒉢,nu₁₁
U+12263,𒉣,nun
U+12264,𒉤,nun lagar × gar
U+12265,𒉥,nun lagar × mash
U+12266,𒉦,nun lagar × sal
U+12267,𒉧,nun lagar × sal / nun lagar × sal
U+12268,𒉨,nun lagar × ush
U+12269,𒉩,nun tenu
U+1226A,𒉪,nun / nun
U+1226B,𒉫,nun crossing nun
U+1226C,𒉬,nun crossing nun lagar / lagar
U+1226D,𒉭,nunuz
U+1226E,𒉮,nunuz ab₂ × ashgab
U+1226F,𒉯,nunuz ab₂ × bi
U+12270,𒉰,nunuz ab₂ × dug
U+12271,𒉱,nunuz ab₂ × gud
U+12272,𒉲,nunuz ab₂ × igi gunu
U+12273,𒉳,nunuz ab₂ × kad₃
U+12274,𒉴,nunuz ab₂ × la
U+12275,𒉵,nunuz ab₂ × ne
U+12276,𒉶,nunuz ab₂ × sila₃
U+12277,𒉷,nunuz ab₂ × u₂
U+12278,𒉸,nunuz kisim₅ × bi
U+12279,𒉹,nunuz kisim₅ × bi u
U+1227A,𒉺,pa
U+1227B,𒉻,pad
U+1227C,𒉼,pan
U+1227D,𒉽,pap
U+1227E,𒉾,pesh₂
U+1227F,𒉿,pi
U+12280,𒊀,pi × a
U+12281,𒊁,pi × ab
U+12282,𒊂,pi × bi
U+12283,𒊃,pi × bu
U+12284,𒊄,pi × e
U+12285,𒊅,pi × i
U+12286,𒊆,pi × ib
U+12287,𒊇,pi × u
U+12288,𒊈,pi × u₂
U+12289,𒊉,pi crossing pi
U+1228A,𒊊,pirig
U+1228B,𒊋,pirig × kal
U+1228C,𒊌,pirig × ud
U+1228D,𒊍,pirig × za
U+1228E,𒊎,pirig opposing pirig
U+1228F,𒊏,ra
U+12290,𒊐,rab
U+12291,𒊑,ri
U+12292,𒊒,ru
U+12293,𒊓,sa
U+12294,𒊔,sag nutillu
U+12295,𒊕,sag
U+12296,𒊖,sag × a
U+12297,𒊗,sag × du
U+12298,𒊘,sag × dub
U+12299,𒊙,sag × ha
U+1229A,𒊚,sag × kak
U+1229B,𒊛,sag × kur
U+1229C,𒊜,sag × lum
U+1229D,𒊝,sag × mi
U+1229E,𒊞,sag × nun
U+1229F,𒊟,sag × sal
U+122A0,𒊠,sag × shid
U+122A1,𒊡,sag × tab
U+122A2,𒊢,sag × u₂
U+122A3,𒊣,sag × ub
U+122A4,𒊤,sag × um
U+122A5,𒊥,sag × ur
U+122A6,𒊦,sag × ush
U+122A7,𒊧,sag / sag
U+122A8,𒊨,sag gunu
U+122A9,𒊩,sal
U+122AA,𒊪,sal lagab × ash₂
U+122AB,𒊫,sanga₂
U+122AC,𒊬,sar
U+122AD,𒊭,sha
U+122AE,𒊮,sha₃
U+122AF,𒊯,sha₃ × a
U+122B0,𒊰,sha₃ × bad
U+122B1,𒊱,sha₃ × gish
U+122B2,𒊲,sha₃ × ne
U+122B3,𒊳,sha₃ × shu₂
U+122B4,𒊴,sha₃ × tur
U+122B5,𒊵,sha₃ × u
U+122B6,𒊶,sha₃ × u + a
U+122B7,𒊷,sha₆
U+122B8,𒊸,shab₆
U+122B9,𒊹,shar₂
U+122BA,𒊺,she
U+122BB,𒊻,she hu
U+122BC,𒊼,she / she gad / gad gar / gar
U+122BD,𒊽,she / she tab / tab gar / gar
U+122BE,𒊾,sheg₉
U+122BF,𒊿,shen
U+122C0,𒋀,shesh
U+122C1,𒋁,shesh₂
U+122C2,𒋂,sheshlam
U+122C3,𒋃,shid
U+122C4,𒋄,shid × a
U+122C5,𒋅,shid × im
U+122C6,𒋆,shim
U+122C7,𒋇,shim × a
U+122C8,𒋈,shim × bal
U+122C9,𒋉,shim × bulug
U+122CA,𒋊,shim × din
U+122CB,𒋋,shim × gar
U+122CC,𒋌,shim × igi
U+122CD,𒋍,shim × igi gunu
U+122CE,𒋎,shim × kushu₂
U+122CF,𒋏,shim × lul
U+122D0,𒋐,shim × mug
U+122D1,𒋑,shim × sal
U+122D2,𒋒,shinig
U+122D3,𒋓,shir
U+122D4,𒋔,shir tenu
U+122D5,𒋕,shir / shir bur / bur
U+122D6,𒋖,shita
U+122D7,𒋗,shu
U+122D8,𒋘,shu / inv. shu
U+122D9,𒋙,shu₂
U+122DA,𒋚,shubur
U+122DB,𒋛,si
U+122DC,𒋜,si gunu
U+122DD,𒋝,sig
U+122DE,𒋞,sig₄
U+122DF,𒋟,sig₄ / sig₄ shu₂
U+122E0,𒋠,sik₂
U+122E1,𒋡,sila₃
U+122E2,𒋢,su
U+122E3,𒋣,su / su
U+122E4,𒋤,sud
U+122E5,𒋥,sud₂
U+122E6,𒋦,suhur
U+122E7,𒋧,sum
U+122E8,𒋨,sumash
U+122E9,𒋩,sur
U+122EA,𒋪,sur₉
U+122EB,𒋫,ta
U+122EC,𒋬,ta *
U+122ED,𒋭,ta × hi
U+122EE,𒋮,ta × mi
U+122EF,𒋯,ta gunu
U+122F0,𒋰,tab
U+122F1,𒋱,tab / tab ni / ni dish / dish
U+122F2,𒋲,tab squared
U+122F3,𒋳,tag
U+122F4,𒋴,tag × bi
U+122F5,𒋵,tag × gud
U+122F6,𒋶,tag × she
U+122F7,𒋷,tag × shu
U+122F8,𒋸,tag × tug₂
U+122F9,𒋹,tag × ud
U+122FA,𒋺,tak₄
U+122FB,𒋻,tar
U+122FC,𒋼,te
U+122FD,𒋽,te gunu
U+122FE,𒋾,ti
U+122FF,𒋿,ti tenu
U+12300,𒌀,til
U+12301,𒌁,tir
U+12302,𒌂,tir × tak₄
U+12303,𒌃,tir / tir
U+12304,𒌄,tir / tir gad / gad gar / gar
U+12305,𒌅,tu
U+12306,𒌆,tug₂
U+12307,𒌇,tuk
U+12308,𒌈,tum
U+12309,𒌉,tur
U+1230A,𒌊,tur / tur za / za
U+1230B,𒌋,u
U+1230C,𒌌,u gud
U+1230D,𒌍,u u u
U+1230E,𒌎,u / u pa / pa gar / gar
U+1230F,𒌏,u / u sur / sur
U+12310,𒌐,u / u u reversed / u reversed
U+12311,𒌑,u₂
U+12312,𒌒,ub
U+12313,𒌓,ud
U+12314,𒌔,ud kushu₂
U+12315,𒌕,ud × bad
U+12316,𒌖,ud × mi
U+12317,𒌗,ud × u + u + u
U+12318,𒌘,ud × u + u + u gunu
U+12319,𒌙,ud gunu
U+1231A,𒌚,ud sheshig
U+1231B,𒌛,ud sheshig × bad
U+1231C,𒌜,udug
U+1231D,𒌝,um
U+1231E,𒌞,um × lagab
U+1231F,𒌟,um × me + da
U+12320,𒌠,um × sha₃
U+12321,𒌡,um × u
U+12322,𒌢,umbin
U+12323,𒌣,umum
U+12324,𒌤,umum × kaskal
U+12325,𒌥,umum × pa
U+12326,𒌦,un
U+12327,𒌧,un gunu
U+12328,𒌨,ur
U+12329,𒌩,ur crossing ur
U+1232A,𒌪,ur sheshig
U+1232B,𒌫,ur₂
U+1232C,𒌬,ur₂ × a + ha
U+1232D,𒌭,ur₂ × a + na
U+1232E,𒌮,ur₂ × al
U+1232F,𒌯,ur₂ × ha
U+12330,𒌰,ur₂ × nun
U+12331,𒌱,ur₂ × u₂
U+12332,𒌲,ur₂ × u₂ + ash
U+12333,𒌳,ur₂ × u₂ + bi
U+12334,𒌴,ur₄
U+12335,𒌵,uri
U+12336,𒌶,uri₃
U+12337,𒌷,uru
U+12338,𒌸,uru × a
U+12339,𒌹,uru × ashgab
U+1233A,𒌺,uru × bar
U+1233B,𒌻,uru × dun
U+1233C,𒌼,uru × ga
U+1233D,𒌽,uru × gal
U+1233E,𒌾,uru × gan₂ tenu
U+1233F,𒌿,uru × gar
U+12340,𒍀,uru × gu
U+12341,𒍁,uru × ha
U+12342,𒍂,uru × igi
U+12343,𒍃,uru × im
U+12344,𒍄,uru × ish
U+12345,𒍅,uru × ki
U+12346,𒍆,uru × lum
U+12347,𒍇,uru × min
U+12348,𒍈,uru × pa
U+12349,𒍉,uru × she
U+1234A,𒍊,uru × sig₄
U+1234B,𒍋,uru × tu
U+1234C,𒍌,uru × u + gud
U+1234D,𒍍,uru × ud
U+1234E,𒍎,uru × uruda
U+1234F,𒍏,uruda
U+12350,𒍐,uruda × u
U+12351,𒍑,ush
U+12352,𒍒,ush × a
U+12353,𒍓,ush × ku
U+12354,𒍔,ush × kur
U+12355,𒍕,ush × tak₄
U+12356,𒍖,ushx
U+12357,𒍗,ush₂
U+12358,𒍘,ushumx
U+12359,𒍙,utuki
U+1235A,𒍚,uz₃
U+1235B,𒍛,uz₃ × kaskal
U+1235C,𒍜,uzu
U+1235D,𒍝,za
U+1235E,𒍞,za tenu
U+1235F,𒍟,za squared × kur
U+12360,𒍠,zag
U+12361,𒍡,zamx
U+12362,𒍢,ze₂
U+12363,𒍣,zi
U+12364,𒍤,zi / zi
U+12365,𒍥,zi₃
U+12366,𒍦,zib
U+12367,𒍧,zib kaba tenu
U+12368,𒍨,zig
U+12369,𒍩,ziz₂
U+1236A,𒍪,zu
U+1236B,𒍫,zu₅
U+1236C,𒍬,zu₅ × a
U+1236D,𒍭,zubur
U+1236E,𒍮,zum
U+1236F,𒍯,kap elamite
U+12370,𒍰,ab × nun
U+12371,𒍱,ab₂ × a
U+12372,𒍲,amar × kug
U+12373,𒍳,dag kisim₅ × u₂ + mash
U+12374,𒍴,dag₃
U+12375,𒍵,dish + shu
U+12376,𒍶,dub × she
U+12377,𒍷,ezen × gud
U+12378,𒍸,ezen × she
U+12379,𒍹,ga₂ × an + kak + a
U+1237A,𒍺,ga₂ × ash₂
U+1237B,𒍻,ge₂₂
U+1237C,𒍼,gig
U+1237D,𒍽,hush
U+1237E,𒍾,ka × anshe
U+1237F,𒍿,ka × ash₃
U+12380,𒎀,ka × gish
U+12381,𒎁,ka × gud
U+12382,𒎂,ka × hi × ash₂
U+12383,𒎃,ka × lum
U+12384,𒎄,ka × pa
U+12385,𒎅,ka × shul
U+12386,𒎆,ka × tu
U+12387,𒎇,ka × ur₂
U+12388,𒎈,lagab × gi
U+12389,𒎉,lu₂ sheshig × bad
U+1238A,𒎊,lu₂ × esh₂ + lal
U+1238B,𒎋,lu₂ × shu
U+1238C,𒎌,mesh
U+1238D,𒎍,mush₃ × za
U+1238E,𒎎,na₄
U+1238F,𒎏,nin
U+12390,𒎐,nin₉
U+12391,𒎑,ninda₂ × bal
U+12392,𒎒,ninda₂ × gi
U+12393,𒎓,nu₁₁ rot. ninety degrees
U+12394,𒎔,pesh₂ *
U+12395,𒎕,pir₂
U+12396,𒎖,sag × igi gunu
U+12397,𒎗,ti₂
U+12398,𒎘,um × me
U+12399,𒎙,u u
U+12400,𒐀,two ash
U+12401,𒐁,three ash
U+12402,𒐂,four ash
U+12403,𒐃,five ash
U+12404,𒐄,six ash
U+12405,𒐅,seven ash
U+12406,𒐆,eight ash
U+12407,𒐇,nine ash
U+12408,𒐈,three dish
U+12409,𒐉,four dish
U+1240A,𒐊,five dish
U+1240B,𒐋,six dish
U+1240C,𒐌,seven dish
U+1240D,𒐍,eight dish
U+1240E,𒐎,nine dish
U+1240F,𒐏,four u
U+12410,𒐐,five u
U+12411,𒐑,six u
U+12412,𒐒,seven u
U+12413,𒐓,eight u
U+12414,𒐔,nine u
U+12415,𒐕,one gesh₂
U+12416,𒐖,two gesh₂
U+12417,𒐗,three gesh₂
U+12418,𒐘,four gesh₂
U+12419,𒐙,five gesh₂
U+1241A,𒐚,six gesh₂
U+1241B,𒐛,seven gesh₂
U+1241C,𒐜,eight gesh₂
U+1241D,𒐝,nine gesh₂
U+1241E,𒐞,one geshu
U+1241F,𒐟,two geshu
U+12420,𒐠,three geshu
U+12421,𒐡,four geshu
U+12422,𒐢,five geshu
U+12423,𒐣,two shar₂
U+12424,𒐤,three shar₂
U+12425,𒐥,three shar₂ variant form
U+12426,𒐦,four shar₂
U+12427,𒐧,five shar₂
U+12428,𒐨,six shar₂
U+12429,𒐩,seven shar₂
U+1242A,𒐪,eight shar₂
U+1242B,𒐫,nine shar₂
U+1242C,𒐬,one sharu
U+1242D,𒐭,two sharu
U+1242E,𒐮,three sharu
U+1242F,𒐯,three sharu variant form
U+12430,𒐰,four sharu
U+12431,𒐱,five sharu
U+12432,𒐲,shar₂ × gal + dish
U+12433,𒐳,shar₂ × gal + min
U+12434,𒐴,one buru
U+12435,𒐵,two buru
U+12436,𒐶,three buru
U+12437,𒐷,three buru variant form
U+12438,𒐸,four buru
U+12439,𒐹,five buru
U+1243A,𒐺,three variant form esh₁₆
U+1243B,𒐻,three variant form esh₂₁
U+1243C,𒐼,four variant form limmu
U+1243D,𒐽,four variant form limmu₄
U+1243E,𒐾,four variant form limmu a
U+1243F,𒐿,four variant form limmu b
U+12440,𒑀,six variant form ash₉
U+12441,𒑁,seven variant form imin₃
U+12442,𒑂,seven variant form imin a
U+12443,𒑃,seven variant form imin b
U+12444,𒑄,eight variant form ussu
U+12445,𒑅,eight variant form ussu₃
U+12446,𒑆,nine variant form ilimmu
U+12447,𒑇,nine variant form ilimmu₃
U+12448,𒑈,nine variant form ilimmu₄
U+12449,𒑉,nine variant form ilimmu a
U+1244A,𒑊,two ash tenu
U+1244B,𒑋,three ash tenu
U+1244C,𒑌,four ash tenu
U+1244D,𒑍,five ash tenu
U+1244E,𒑎,six ash tenu
U+1244F,𒑏,one ban₂
U+12450,𒑐,two ban₂
U+12451,𒑑,three ban₂
U+12452,𒑒,four ban₂
U+12453,𒑓,four ban₂ variant form
U+12454,𒑔,five ban₂
U+12455,𒑕,five ban₂ variant form
U+12456,𒑖,nigidamin
U+12457,𒑗,nigidaesh
U+12458,𒑘,one eshe₃
U+12459,𒑙,two eshe₃
U+1245A,𒑚,one third dish
U+1245B,𒑛,two thirds dish
U+1245C,𒑜,five sixths dish
U+1245D,𒑝,one third variant form a
U+1245E,𒑞,two thirds variant form a
U+1245F,𒑟,one eighth ash
U+12460,𒑠,one quarter ash
U+12461,𒑡,old assyrian one sixth
U+12462,𒑢,old assyrian one quarter
U+12463,𒑣,one quarter gur
U+12464,𒑤,one half gur
U+12465,𒑥,elamite one third
U+12466,𒑦,elamite two thirds
U+12467,𒑧,elamite forty
U+12468,𒑨,elamite fifty
U+12469,𒑩,four u variant form
U+1246A,𒑪,five u variant form
U+1246B,𒑫,six u variant form
U+1246C,𒑬,seven u variant form
U+1246D,𒑭,eight u variant form
U+1246E,𒑮,nine u variant form
U+12470,𒑰,cuneiform punctuation sign old assyrian word divider
U+12471,𒑱,cuneiform punctuation sign vertical colon
U+12472,𒑲,cuneiform punctuation sign diagonal colon
U+12473,𒑳,cuneiform punctuation sign diagonal tricolon
U+12474,𒑴,cuneiform punctuation sign diagonal quadcolon
U+12480,𒒀,ab × nun tenu
U+12481,𒒁,ab × shu₂
U+12482,𒒂,ad × esh₂
U+12483,𒒃,bad × dish tenu
U+12484,𒒄,bahar₂ × ab₂
U+12485,𒒅,bahar₂ × ni
U+12486,𒒆,bahar₂ × za
U+12487,𒒇,bu / bu × na₂
U+12488,𒒈,da × tak₄
U+12489,𒒉,dag × kur
U+1248A,𒒊,dim × igi
U+1248B,𒒋,dim × u u u
U+1248C,𒒌,dim₂ × ud
U+1248D,𒒍,dug × anshe
U+1248E,𒒎,dug × ash
U+1248F,𒒏,dug × ash at left
U+12490,𒒐,dug × din
U+12491,𒒑,dug × dun
U+12492,𒒒,dug × erin₂
U+12493,𒒓,dug × ga
U+12494,𒒔,dug × gi
U+12495,𒒕,dug × gir₂ gunu
U+12496,𒒖,dug × gish
U+12497,𒒗,dug × ha
U+12498,𒒘,dug × hi
U+12499,𒒙,dug × igi gunu
U+1249A,𒒚,dug × kaskal
U+1249B,𒒛,dug × kur
U+1249C,𒒜,dug × kushu₂
U+1249D,𒒝,dug × kushu₂ + kaskal
U+1249E,𒒞,dug × lak-020
U+1249F,𒒟,dug × lam
U+124A0,𒒠,dug × lam × kur
U+124A1,𒒡,dug × luh + gish
U+124A2,𒒢,dug × mash
U+124A3,𒒣,dug × mes
U+124A4,𒒤,dug × mi
U+124A5,𒒥,dug × ni
U+124A6,𒒦,dug × pi
U+124A7,𒒧,dug × she
U+124A8,𒒨,dug × si gunu
U+124A9,𒒩,e₂ × kur
U+124AA,𒒪,e₂ × pap
U+124AB,𒒫,erin₂ x
U+124AC,𒒬,esh₂ crossing esh₂
U+124AD,𒒭,ezen sheshig × ash
U+124AE,𒒮,ezen sheshig × hi
U+124AF,𒒯,ezen sheshig × igi gunu
U+124B0,𒒰,ezen sheshig × la
U+124B1,𒒱,ezen sheshig × lal
U+124B2,𒒲,ezen sheshig × me
U+124B3,𒒳,ezen sheshig × mes
U+124B4,𒒴,ezen sheshig × su
U+124B5,𒒵,ezen × su
U+124B6,𒒶,ga₂ × bahar₂
U+124B7,𒒷,ga₂ × dim gunu
U+124B8,𒒸,ga₂ × dug × igi gunu
U+124B9,𒒹,ga₂ × dug × kaskal
U+124BA,𒒺,ga₂ × eren
U+124BB,𒒻,ga₂ × ga
U+124BC,𒒼,ga₂ × gar + di
U+124BD,𒒽,ga₂ × gar + ne
U+124BE,𒒾,ga₂ × ha + a
U+124BF,𒒿,ga₂ × kushu₂ + kaskal
U+124C0,𒓀,ga₂ × lam
U+124C1,𒓁,ga₂ × lam × kur
U+124C2,𒓂,ga₂ × luh
U+124C3,𒓃,ga₂ × mush
U+124C4,𒓄,ga₂ × ne
U+124C5,𒓅,ga₂ × ne + e₂
U+124C6,𒓆,ga₂ × ne + gi
U+124C7,𒓇,ga₂ × shim
U+124C8,𒓈,ga₂ × ziz₂
U+124C9,𒓉,gaba rot. ninety degrees
U+124CA,𒓊,geshtin × u
U+124CB,𒓋,gish × gish crossing gish
U+124CC,𒓌,gu₂ × igi gunu
U+124CD,𒓍,gud + gish × tak₄
U+124CE,𒓎,ha tenu gunu
U+124CF,𒓏,hi × ash / hi × ash
U+124D0,𒓐,ka × bu
U+124D1,𒓑,ka × ka
U+124D2,𒓒,ka × u u u
U+124D3,𒓓,ka × ur
U+124D4,𒓔,lagab × zu / zu
U+124D5,𒓕,lak-003
U+124D6,𒓖,lak-021
U+124D7,𒓗,lak-025
U+124D8,𒓘,lak-030
U+124D9,𒓙,lak-050
U+124DA,𒓚,lak-051
U+124DB,𒓛,lak-062
U+124DC,𒓜,lak-079 / lak-079 gunu
U+124DD,𒓝,lak-080
U+124DE,𒓞,lak-081 / lak-081
U+124DF,𒓟,lak-092
U+124E0,𒓠,lak-130
U+124E1,𒓡,lak-142
U+124E2,𒓢,lak-210
U+124E3,𒓣,lak-219
U+124E4,𒓤,lak-220
U+124E5,𒓥,lak-225
U+124E6,𒓦,lak-228
U+124E7,𒓧,lak-238
U+124E8,𒓨,lak-265
U+124E9,𒓩,lak-266
U+124EA,𒓪,lak-343
U+124EB,𒓫,lak-347
U+124EC,𒓬,lak-348
U+124ED,𒓭,lak-383
U+124EE,𒓮,lak-384
U+124EF,𒓯,lak-390
U+124F0,𒓰,lak-441
U+124F1,𒓱,lak-449
U+124F2,𒓲,lak-449 × gu
U+124F3,𒓳,lak-449 × igi
U+124F4,𒓴,lak-449 × pap + lu₃
U+124F5,𒓵,lak-449 × pap + pap + lu₃
U+124F6,𒓶,lak-449 × u₂ + ba
U+124F7,𒓷,lak-450
U+124F8,𒓸,lak-457
U+124F9,𒓹,lak-470
U+124FA,𒓺,lak-483
U+124FB,𒓻,lak-490
U+124FC,𒓼,lak-492
U+124FD,𒓽,lak-493
U+124FE,𒓾,lak-495
U+124FF,𒓿,lak-550
U+12500,𒔀,lak-608
U+12501,𒔁,lak-617
U+12502,𒔂,lak-617 × ash
U+12503,𒔃,lak-617 × bad
U+12504,𒔄,lak-617 × dun₃ gunu gunu
U+12505,𒔅,lak-617 × ku₃
U+12506,𒔆,lak-617 × la
U+12507,𒔇,lak-617 × tar
U+12508,𒔈,lak-617 × te
U+12509,𒔉,lak-617 × u₂
U+1250A,𒔊,lak-617 × ud
U+1250B,𒔋,lak-617 × uruda
U+1250C,𒔌,lak-636
U+1250D,𒔍,lak-648
U+1250E,𒔎,lak-648 × dub
U+1250F,𒔏,lak-648 × ga
U+12510,𒔐,lak-648 × igi
U+12511,𒔑,lak-648 × igi gunu
U+12512,𒔒,lak-648 × ni
U+12513,𒔓,lak-648 × pap + pap + lu₃
U+12514,𒔔,lak-648 × shesh + ki
U+12515,𒔕,lak-648 × ud
U+12516,𒔖,lak-648 × uruda
U+12517,𒔗,lak-724
U+12518,𒔘,lak-749
U+12519,𒔙,lu₂ gunu × ash
U+1251A,𒔚,lu₂ × dish
U+1251B,𒔛,lu₂ × hal
U+1251C,𒔜,lu₂ × pap
U+1251D,𒔝,lu₂ × pap + pap + lu₃
U+1251E,𒔞,lu₂ × tak₄
U+1251F,𒔟,mi + za₇
U+12520,𒔠,mush / mush × ga
U+12521,𒔡,mush / mush × kak
U+12522,𒔢,ninda₂ × dim gunu
U+12523,𒔣,ninda₂ × gish
U+12524,𒔤,ninda₂ × gul
U+12525,𒔥,ninda₂ × hi
U+12526,𒔦,ninda₂ × kesh₂
U+12527,𒔧,ninda₂ × lak-050
U+12528,𒔨,ninda₂ × mash
U+12529,𒔩,ninda₂ × pap + pap
U+1252A,𒔪,ninda₂ × u
U+1252B,𒔫,ninda₂ × u + u
U+1252C,𒔬,ninda₂ × uruda
U+1252D,𒔭,sag gunu × ha
U+1252E,𒔮,sag × en
U+1252F,𒔯,sag × she at left
U+12530,𒔰,sag × tak₄
U+12531,𒔱,sha₆ tenu
U+12532,𒔲,she / she
U+12533,𒔳,she + hub₂
U+12534,𒔴,she + nam₂
U+12535,𒔵,she + sar
U+12536,𒔶,shu₂ + dug × ni
U+12537,𒔷,shu₂ + e₂ × an
U+12538,𒔸,si × tak₄
U+12539,𒔹,tak₄ + sag
U+1253A,𒔺,tum × gan₂ tenu
U+1253B,𒔻,tum × three dish
U+1253C,𒔼,ur₂ inv.
U+1253D,𒔽,ur₂ × ud
U+1253E,𒔾,uru × dara₃
U+1253F,𒔿,uru × lak-668
U+12540,𒕀,uru × lu₃
U+12541,𒕁,za₇
U+12542,𒕂,zu / zu + sar
U+12543,𒕃,zu₅ × three dish tenu
