unicode_id,sign_grapheme,unicodeTrLit,syllabarySign,PhoneticsVersion
U+1202E,𒀮,an / an,|AN&AN|,malₓ | mulₓ | nab | nap | nubₓ | tillaₓ
U+12030,𒀰,an + naga opposing an + naga,|(AN.NAGA)@(AN.NAGA)|,dalhamun₅ | dalhamunₓ
U+12031,𒀱,an + naga squared,|4×(AN.NAGA)|,dalhamun₄
U+12039,𒀹,ash zida tenu,AŠ@t,1(aš@t) | aš₁₁ | aš@t | del₄ | dele₄ | deš₅ | dil₄ | dili₄ | diš@t | 1(diš@t) | eš₁₈ | ge₂₃ | iš₈ | sagtag₃ | sagtak₃ | saŋtaₓ | saŋtak₃ | santa₃ | santag₃ | santak₃ | ubu | uburaₓ | upaₓ | upuₓ | uzaglal | uzaraₓ | 1/2(iku) | 1(iku@t) | 1(aš@t@c)
U+1203A,𒀺,ash kaba tenu,AŠ@k,ulilₓ | utaqaₓ | uzalagₓ | uzalakₓ
U+1203B,𒀻,ash / ash tug₂ / tug₂ tug₂ / tug₂ pap,|AŠ&AŠ.TUG₂&TUG₂.TUG₂&TUG₂.PAP|,gašmu
U+1203C,𒀼,ash / ash / ash,|AŠ&AŠ&AŠ|,eš₁₆ | šušur | 3(aš@v) | 3(aš~a) | eš₁₆
U+1203D,𒀽,ash / ash / ash crossing ash / ash / ash,|(AŠ&AŠ&AŠ)%(AŠ&AŠ&AŠ)|,kad₈ | šušur₂
U+12045,𒁅,bal / bal,|BAL&BAL|,minbulugₓ
U+1204E,𒁎,bu / bu ab,|BU&BU.AB|,sirsir
U+1204F,𒁏,bu / bu un,|BU&BU.KALAM@g|,gutir | kide
U+12050,𒁐,bu crossing bu,|BU%BU|,unu₁₂ | sirsirₓ
U+12052,𒁒,bulug / bulug,|BULUG&BULUG|,mebulug₂ | menbulug₂ | minbulug₂ | šembulug? | šimbulug?
U+12078,𒁸,din kaskal u gunu dish,|DIN.KASKAL.U@g.DIŠ|,sagkurun | saŋkurun
U+12079,𒁹,dish,DIŠ,anₓ | ana | aš₁₀ | barig | daš₂ | deš | diš | diša | duš₂ | eš₄ | ge₃ | il₄ | ili₆ | iš₄ | m | makaš | makkaš | muš₇ | nigida | saŋtaₓ | saŋtak₄ | salubug₂ | salugub₂ | sandak₄ | santa₄ | santag₄ | santak₄ | šantag | šantak | tal₄ | taš₂ | til₅ | tiš | tiz | ṭiš | uₓ | ukitₓ | uš₉ | 6(ban₂) | 1(barig) | 1(bariga) | 1(diš) | barig@c | bariga@c | diš@c | 1(aš@c@90) | 1/2(aš@c@90) | 1(barig@c) | 1(bariga@c) | 1(diš@c) | 1/2(iku@c) | diš@f
U+1207B,𒁻,du / du,|DU&DU|,er₁₄ | la₄? | lah₄ | laha₄ | lalah | re₇ | ri₇ | su₈ | sub₂ | sug₂ | sup₂?
U+1207D,𒁽,du sheshig,DU@s,barim | gim₄ | gir₅ | giri₅ | girim₂ | im₂ | ka₇ | kaku | kamaš | kas₄ | kaš₄ | kim₄ | lah₇ | maškimₓ | parim | raₓ | rim₄ | barim⁻ | gir₅⁻ | im₂⁻ | kaš₄⁻
U+1208C,𒂌,e / e nun / nun,|E&E.NUN&NUN|,hilibu
U+1209B,𒂛,en crossing en,|EN%EN|,adamen₅ | adamin₅ | akarₓ | dalhamun₂ | hamunₓ | mereₓ | merimer | merimeri | mermer | mermeri | nigir₃ | nimgigri? | nimgirgirri | urbigu₂ | urbingu₂
U+120A4,𒂤,ezen × a + lal × lal,|EZEN×(A.LAL₂)|,asil₄ | asila₄ | asilal₄ | sil₉
U+120B0,𒂰,ezen × lal × lal,|EZEN×LAL₂|,asil | asila | asilal | silₓ | asila⁻
U+120D7,𒃗,ga₂ × ish + hu + ash,|GA₂×(IŠ.HU.AŠ)|,išhuru₅ | išhurum₅
U+120E1,𒃡,ga₂ × nun / nun,|GA₂×(NUN&NUN)|,gušur? | ŋušur | ur₃ | ura₃ | uru₁₂
U+120ED,𒃭,ga₂ / ga₂,|GA₂&GA₂|,lirumₓ
U+120EF,𒃯,gaba crossing gaba,|GABA%GABA|,
U+120F1,𒃱,gad / gad gar / gar,|GAD&GAD.GAR&GAR|,kinda
U+120F3,𒃳,gal gad / gad gar / gar,|GAL.GAD&GAD.GAR&GAR|,kindagal | kindaŋal
U+120F9,𒃹,gan₂ / gan₂,|GAN₂&GAN₂|,lirumₓ
U+120FA,𒃺,gan₂ crossing gan₂,|GAN₂%GAN₂|,alal₄? | girriₓ | ulul₂
U+12103,𒄃,gi crossing gi,|GI%GI|,esir₄ | ge₁₆ | gel | geleŋ | gi₁₆ | gib | gig₃? | gil | gili | gilibₓ | gilim | gillim | kil₂ | kilim₂ | qil₂ | qili₂? | unu₁₀
U+12105,𒄅,gi₄ / gi₄,|GI₄&GI₄|,kilₓ
U+12106,𒄆,gi₄ crossing gi₄,|GI₄%GI₄|,esir₅ | gigi
U+12112,𒄒,gish crossing gish,|GIŠ%GIŠ|,adamen₃ | adamin₃ | alal₃ | an₂? | dara₅ | dari₅ | daru₅ | dur₄ | duru₄ | durum₄ | gib₂ | gip₂ | girriₓ | hul₃ | kib | kip | liri₃ | liru₃ | lirum₃ | qeb | qep | qib | qip | rašₓ | šallur | šennur | tur₄ | ṭur₄ | ul₃ | ullu | ulul
U+12117,𒄗,gu crossing gu,|GU%GU|,saₓ | sah₄ | sih₅ | suh₃ | zaₓ | zih
U+12121,𒄡,gud / gud lugal,|GUD&GUD.LUGAL|,bišeba₃? | bišebi₃? | kaššeba₃? | kaššebi₃?
U+12131,𒄱,hi × dish,|HI×DIŠ|,as₆ | aš₈ | šardiš? | šargalₓ | šarŋeš | 1(šargal~a) | 6(šaru)~a | umma₂? | utulₓ
U+1213C,𒄼,hub₂ × lish,|HUB₂×LIŠ|,
U+12143,𒅃,idim / idim bur,|IDIM&IDIM.BUR|,bansur₂ | banšur₂ | burₓ | buru₉ | gurinₓ | gurunₓ | kiši₁₁ | kurunₓ
U+12144,𒅄,idim / idim squared,|4×(IDIM&IDIM)|,burₓ | buruₓ | gurinₓ | gurunₓ | kurunₓ
U+12147,𒅇,igi dib,|IGI.DIB|,ša₁₇ | u₃
U+12148,𒅈,igi ri,|IGI.RI|,ar | ara₈
U+12149,𒅉,igi / igi shir / shir ud / ud,|IGI&IGI.ŠIR&ŠIR.UD&UD|,dimsar
U+12150,𒅐,im crossing im,|IM%IM|,agar₅ | aŋar₅ | angar | dalhamun₆ | hamunₓ | merimer₃ | merimeri₃ | mermer₃ | mermeri₃ | nimgigre | nimgirgireₓ | rad₂ | zigara | zigkaru | zikara | zikaru | aŋar₅ | dalhamun₆ | mermeri₃
U+12156,𒅖,ish,IŠ,es₅ | eš₁₅ | is₂ | isi | isiš | iš | iši | iṣ₂ | iz₂ | kukkuda₂ | kukkuš | kukkušda | kukuda₂ | kuš₇ | kuzunₓ | mel | mil | mili | milla | sahar | sahardub | sušₓ | šen₆ | šuš₃ | ukum
U+1216A,𒅪,ka × gish crossing gish,|KA×(GIŠ%GIŠ)|,gasa | gaza₃ | ibira | irhandiₓ | nehandiₓ | tibira₂
U+1218E,𒆎,ka₂ crossing ka₂,|KA₂%KA₂|,xₓ
U+12194,𒆔,kad₅ / kad₅,|KAD₅&KAD₅|,esirₓ
U+12199,𒆙,kal crossing kal,|KAL%KAL|,liri₇ | liru₇ | lirum₇
U+1219D,𒆝,kaskal lagab × u / lagab × u,|KASKAL.(LAGAB×U)&(LAGAB×U)|,šubtu₆ | šubtum₆
U+1219E,𒆞,kaskal / kaskal lagab × u / lagab × u,|(KASKAL.LAGAB×U)&(KASKAL.LAGAB×U)|,šubtu₇ | šubtum₇
U+121A7,𒆧,kish,KIŠ,erraₓ | ilₓ | keš | keše | kis | kiš | kiše | kiši | kiṣ | lazₓ | qis | qiš
U+121A9,𒆩,kisim₅ / kisim₅,|KISIM₅&KISIM₅|,gingira?
U+121AB,𒆫,ku / hi × ash₂ ku / hi × ash₂,|KU&(HI×AŠ₂).KU&(HI×AŠ₂)|,merimer₅ | merimeri₅ | mermer₅ | mermeri₅
U+121AE,𒆮,ku₄ variant form,REC145,
U+121BF,𒆿,lagab × ash zida tenu,|LAGAB×AŠ@z|,
U+121D5,𒇕,lagab × lish,|LAGAB×AŠ@t|,gigir₃ | gigir₃
U+121DE,𒇞,lagab × shita + gish tenu,|LAGAB×(ŠITA@t.GIŠ)|,me₉ | muššagana₂? | sagdudu | saŋdudu | me₉ | sagdudu | saŋdudu | meₓ | sagduduₓ | saŋduduₓ
U+121F0,𒇰,lagar gunu / lagar gunu she,|LAGAR@g&LAGAR@g.ŠE|,sumunda | šumunₓ | šumunda
U+121F3,𒇳,lal × lal,LAL₂,kurnun? | la₅ | laʾu | lal-lal | lal₂ | lalʾu | lalla | lallal | papnun
U+121FA,𒇺,lish,LIŠ,del₂ | dili₂ | dilim₂ | li₁₂ | lih₄? | lis | liš | liz | mal₄? | šil₄
U+12212,𒈒,lu₂ crossing lu₂,,
U+12215,𒈕,lu₂ sheshig,LU₂@s,ad₇ | addaₓ | dim₃ | irina₃ | ri₉ | rin₅ | ug₈? | kama₆ | kamad | lugam
U+12218,𒈘,lugal / lugal,|LUGAL&LUGAL|,adamen₂ | adamin₂ | dadrum? | gug₅ | kukuₓ | adamenₓ | eₓ | gug₅ | adamin₂ | gug₅
U+1221A,𒈚,lugal sheshig,LUGAL@s,dimₓ
U+1221E,𒈞,lum / lum,|LUM&LUM|,gum₂-gum₂ | gumgum
U+1221F,𒈟,lum / lum gar / gar,|LUM&LUM.GAR&GAR|,lugud₃
U+1222D,𒈭,mu / mu,|MU&MU|,dah | siskurₓ | tah | taha | tuh₂ | ṭah
U+12236,𒈶,mush / mush,|MUŠ&MUŠ|,arinaₓ | mušₓ
U+12237,𒈷,mush / mush × a + na,|(MUŠ&MUŠ)×(A.NA)|,arinaₓ
U+12238,𒈸,mush crossing mush,|MUŠ%MUŠ|,arinaₓ | kunigara₄ | mušₓ | mušdama₂ | muškuₓ | re₈ | ri₈ | rin₄ | riₓ
U+12241,𒉁,naga inv.,NAGA@180,teme₂ | temeₓ
U+12245,𒉅,nam nutillu,BURU₅,birₓ | bur₅ | buru₅ | parₓ | buru₅
U+1224B,𒉋,ne sheshig,NE@s,bel₂ | bi₅ | bil₂ | ge₁₀ | gi₁₀ | gibi | gibil | gibila | gigiₓ | gil₄ | ne₈ | pel₂ | pil₂ | bilₓ | bilₓ | bilₓ | bilₓ | bilₓ | bilₓ | bilₓ | bilₓ | bilₓ | bilₓ
U+1225B,𒉛,ninda₂ × she + a an,,
U+12264,𒉤,nun lagar × gar,|NUN.LAGAR×GAR|,gagaₓ | galgaₓ | ŋalgaₓ | gagaₓ
U+12265,𒉥,nun lagar × mash,,
U+12266,𒉦,nun lagar × sal,|NUN.LAGAR×SAL|,arhus₂ | arhuš₂ | immal₂ | šallam | šilaₓ | šilam | šillatₓ | turₓ | uš₅ | immal | šilam⁻ | arhuš₃ | immal | šalam₂ | šallam₂ | šilam₂ | turₓ | uš₆
U+12267,𒉧,nun lagar × sal / nun lagar × sal,|(NUN.LAGAR×SAL)&(NUN.LAGAR×SAL)|,akarₓ | akraₓ
U+12268,𒉨,nun lagar × ush,|NUN.LAGAR×UŠ|,xrigₓ
U+1226A,𒉪,nun / nun,|NUN&NUN|,lurₓ | nar₃ | naraₓ | nenerₓ | ner | ninir | nir | nira | nur | ri₅ | šer₇ | tirₓ?
U+1226B,𒉫,nun crossing nun,|NUN%NUN|,adamen₄ | adamin₄ | eribura | irburaₓ | iribura | liri₆ | liru₆ | lirum₆ | šed₃ | šeššed | šid₃ | urgilim
U+1226C,𒉬,nun crossing nun lagar / lagar,|NUN%NUN.LAGAR&LAGAR|,akar | ega₂
U+12279,𒉹,nunuz kisim₅ × bi u,|NUNUZ.KISIM₅×BI.U|,lahtan₃
U+12289,𒊉,pi crossing pi,|PI%PI|,taltal
U+12294,𒊔,sag nutillu,SAG@n,keš₄ | keše₄ | kiše₄ | kiši₄
U+122A7,𒊧,sag / sag,|SAG&SAG|,sagminₓ | saŋminₓ
U+122AA,𒊪,sal lagab × ash₂,,
U+122BB,𒊻,she hu,|ŠE.HU|,bazbazₓ | us | uš₁₀ | uṣ | uz | uza | uzu₃
U+122BC,𒊼,she / she gad / gad gar / gar,|ŠE&ŠE.GAD&GAD.GAR&GAR|,garadin₂ | karadin₂
U+122BD,𒊽,she / she tab / tab gar / gar,|ŠE&ŠE.TAB&TAB.GAR&GAR|,garadin₃ | karadin₃
U+122D5,𒋕,shir / shir bur / bur,|NU₁₁&NU₁₁.BUR&BUR|,numma
U+122D8,𒋘,shu / inv. shu,|ŠU&ŠU@180|,lilₓ? | šuₓ
U+122DF,𒋟,sig₄ / sig₄ shu₂,|SIG₄&SIG₄.ŠU₂|,guhšu | hiₓ | lahhušu | šikahara
U+122E3,𒋣,su / su,|SU&SU|,e₆
U+122F1,𒋱,tab / tab ni / ni dish / dish,|TAB&TAB.NI&NI.DIŠ&DIŠ|,ubišaga
U+12302,𒌂,tir × tak₄,|(ŠE.NUN&NUN)×TAK₄|,ezinaₓ | ezinuₓ
U+12303,𒌃,tir / tir,|(ŠE.NUN&NUN)&(ŠE.NUN&NUN)|,garadin₆? | karadin₆? | nenni₅ | ninni₅ | ninniₓ | ninniₓ | ninniₓ
U+12304,𒌄,tir / tir gad / gad gar / gar,|(ŠE.NUN&NUN)&(ŠE.NUN&NUN).GAD&GAD.GAR&GAR|,garadin | karadin
U+1230A,𒌊,tur / tur za / za,|TUR&TUR.ZA&ZA|,zazana | zazna | zezna | zizₓ | zizna | zizna
U+1230C,𒌌,u gud,|U.GUD|,du₇ | mul₄ | raₓ | ru₅ | ul | ula | ullu₃ | ulu | ur₆?
U+1230D,𒌍,u u u,|U.U.U|,ba₃ | batu | es₂ | eš | eša₂ | eše | is₅ | iš₃ | nan₃ | sin | šib₀ | šip₀ | ṣin | uš₁₈ | ušu₃ | uzₓ | 3(bur₃) | 3(u) | eše@c | 3(bur₃@c) | 3(u@c) | 3(u@c)@v
U+1230E,𒌎,u / u pa / pa gar / gar,|U&U.PA&PA.GAR&GAR|,garadin₁₀ | karadin₁₀
U+1230F,𒌏,u / u sur / sur,|U&U.SUR&SUR|,garadin₉ | karadin₉
U+12310,𒌐,u / u u reversed / u reversed,|U&U.U@v&U@v|,bargi? | mašgi?
U+12314,𒌔,ud kushu₂,|UD.KUŠU₂|,ah₆ | akšak | garu | huya | keš₁₈ | keši₁₈ | kua₂ | kuia | kušaₓ | kušu₃ | kuwa₂ | kuya₂ | uʾ₄ | uh₂ | uhu₂
U+1231A,𒌚,ud sheshig,UD@s,itiₓ | itudₓ
U+1231B,𒌛,ud sheshig × bad,|UD@s×BAD|,iti₂ | itid₂ | itu₂ | itud₂
U+12329,𒌩,ur crossing ur,|UR%UR|,liliru | liri₈ | liru₈ | lirum₈ | urbigu | urbingu | lirum₈ | ur-ur
U+1232A,𒌪,ur sheshig,UR@s,dul₉ | šudul₅ | šudun₅ | šutul₅ | šutun₅ | tul₇ | ṭul₄
U+12344,𒍄,uru × ish,|URU×IŠ|,
U+1235F,𒍟,za squared × kur,|(4×ZA)×KUR|,geštae | gištaʾe | gištaʾi | gištae | ŋeštae
U+12364,𒍤,zi / zi,|ZI&ZI|,
U+12367,𒍧,zib kaba tenu,|AŠ@k&AŠ@k&AŠ@k&AŠ@k|,sumₓ
U+1236F,𒍯,kap elamite,KAP₀,kap₀
U+12370,𒍰,ab × nun,|AB×NUN|,
U+12371,𒍱,ab₂ × a,|AB₂×A|,
U+12372,𒍲,amar × kug,|AMAR×KU₃|,
U+12373,𒍳,dag kisim₅ × u₂ + mash,|DAG.KISIM₅×(U₂.MAŠ)|,
U+12375,𒍵,dish + shu,|DIŠ+ŠU|,
U+12376,𒍶,dub × she,,
U+12377,𒍷,ezen × gud,,
U+12379,𒍹,ga₂ × an + kak + a,|GA₂×(AN.KAK.A)|,usud
U+1237A,𒍺,ga₂ × ash₂,|GA₂×AŠ₂|,gaziₓ | gazigalₓ
U+1237E,𒍾,ka × anshe,|KA×ANŠE|,
U+1237F,𒍿,ka × ash₃,|KA×6(DIŠ)|,
U+12381,𒎁,ka × gud,|KA×GUD|,
U+12385,𒎅,ka × shul,|KA×DUN|,
U+12386,𒎆,ka × tu,,
U+12388,𒎈,lagab × gi,|LAGAB×GI|,
U+12389,𒎉,lu₂ sheshig × bad,|LU₂@s×BAD|,ad₈ | addaₓ
U+1238A,𒎊,lu₂ × esh₂ + lal,|LU₂×(EŠ₂.LAL)|,ereₓ | ešela | ešelal | irₓ? | xₓ | xidₓ
U+1238D,𒎍,mush₃ × za,|ZA.AN.MUŠ₃@g|,šubaₓ | zannaruₓ
U+12391,𒎑,ninda₂ × bal,|NINDA₂×BAL|,gur₂₃
U+12392,𒎒,ninda₂ × gi,|NINDA₂×GI|,giguruₓ
U+12393,𒎓,nu₁₁ rot. ninety degrees,NU₁₁@90,
U+12394,𒎔,pesh₂ *,PEŠ₂~v,
U+12396,𒎖,sag × igi gunu,|SAG×IGI@g|,
U+12398,𒎘,um × me,|UM×ME|,
U+12399,𒎙,u u,|U.U|,amna₂ | buzur₂ | gešₓ | gišₓ | ma₁₀ | mam | man | mana | men₅ | mešₓ | mim₃ | min₃ | mina₃ | naš | nes | neš | nis | niš | niz | puzur₂ | šamaš₂ | šar₄ | šarru₂ | šušana₂ | šušanaku | utu₃ | wan | 2(bur₃) | 2(u) | 2(bur₃@c) | 2(u@c)
U+12400,𒐀,two ash,2(AŠ),2(aš) | 2(iku) | 2(aš@c) | 2(iku@c)
U+12401,𒐁,three ash,3(AŠ),eš₆ | 3(aš) | 3(iku) | 3(aš@c) | 3(iku@c)
U+12402,𒐂,four ash,4(AŠ),4(aš) | 4(iku) | arba | arrap | erba | erbe | lam₄ | lammu₂ | lim₂ | limmu₂ | limu₂ | 4(aš@c) | 4(iku@c)
U+12403,𒐃,five ash,5(AŠ),5(aš) | 5(iku) | 5(aš@c) | 5(iku@c)
U+12404,𒐄,six ash,6(AŠ),6(aš) | 6(iku) | 6(aš@c) | 6(iku@c)
U+12405,𒐅,seven ash,7(AŠ),7(aš) | 7(iku) | 7(aš@c) | 7(iku@c) | 7(aš@t) | 7(diš@t)
U+12406,𒐆,eight ash,8(AŠ),8(aš) | 8(aš@c) | 8(aš@t) | 8(diš@t)
U+12407,𒐇,nine ash,9(AŠ),9(aš) | 9(aš@c) | 9(aš@t) | 9(diš@t)
U+12408,𒐈,three dish,3(DIŠ),3(diš) | 3(diš@c)@v
U+12409,𒐉,four dish,4(DIŠ),limₓ | limmu₅ | limu₅ | nigidalimmu | 4(barig) | 4(bariga) | 4(diš) | 4(aš@c@90) | 4(barig@c) | 4(bariga@c) | 4(diš@c)
U+1240A,𒐊,five dish,5(DIŠ),i₂ | ia₂ | 5(diš) | 5(aš@c@90) | 5(barig@c) | 5(bariga@c) | 5(diš@c)
U+1240B,𒐋,six dish,6(DIŠ),aš₃ | aša₃ | ašša₃ | dešaₓ | iₓ | 6(diš) | 6(aš@c@90) | 6(barig@c) | 6(bariga@c) | 6(diš@c)
U+1240C,𒐌,seven dish,7(DIŠ),imin | imina | umun₇ | umunaₓ | 7(diš) | 7(aš@c@90) | 7(barig@c) | 7(bariga@c) | 7(diš@c)
U+1240D,𒐍,eight dish,8(DIŠ),usa | ussu | 8(diš) | ussu | 8(diš)@v | 8(diš@c) | 8(aš@c@90)
U+1240E,𒐎,nine dish,9(DIŠ),elimmuₓ | ilimₓ | ilimmuₓ | 9(diš) | 9(diš@c)~d
U+1240F,𒐏,four u,4(U),limmu₃ | limu₃ | nimin | nimina | nin₅ | nina₄ | šanabaku₂ | šanabi₂ | 4(bur₃) | 4(u) | 4(bur₃@c) | 4(u@c) | 4(u@c)@v
U+12410,𒐐,five u,5(U),illil₂ | kingusila₂ | kingusili₂ | mullil | ninniₓ | ninnu | ninuₓ | 5(bur₃) | 5(u) | 5(bur₃@c) | 5(u@c)
U+12411,𒐑,six u,6(U),ašₓ | 6(bur₃) | 6(u) | 6(bur₃@c) | 6(u@c)
U+12412,𒐒,seven u,7(U),umunₓ | 7(bur₃) | 7(u) | 7(bur₃@c) | 7(u@c)
U+12413,𒐓,eight u,8(U),ussuₓ | 8(bur₃) | 8(u) | 8(bur₃@c) | 8(u@c)
U+12414,𒐔,nine u,9(U),ilimmuₓ | 9(bur₃) | 9(u) | 9(bur₃@c) | 9(u@c)
U+12415,𒐕,one gesh₂,1(GEŠ₂),geš₂ | gešta | gi₃? | giš₂ | ŋeš₂ | ŋiš₂ | 1(geš₂) | 1(ŋeš₂) | geš₂@c | ŋeš₂@c | 1(geš₂@c) | 1(ŋeš₂@c) | geš₂@c@90 | ŋeš₂@c@90 | 1(geš₂@c@90) | 1(ŋeš₂@c@90) | geš₂@c@v | ŋeš₂@c@v | geš₂@t | 1(geš₂@t) | 1(ŋeš₂@t)
U+12416,𒐖,two gesh₂,2(GEŠ₂),2(geš₂) | 2(ŋeš₂) | 2(geš₂@c) | 2(ŋeš₂@c) | 2(geš₂@t) | 2(ŋeš₂@t)
U+12417,𒐗,three gesh₂,3(GEŠ₂),3(geš₂) | 3(ŋeš₂) | 3(geš₂@c) | 3(ŋeš₂@c) | 3(geš₂@c)@v | 3(ŋeš₂@c)@v | 3(geš₂@c@90) | 3(geš₂@t) | 3(ŋeš₂@t)
U+12418,𒐘,four gesh₂,4(GEŠ₂),4(geš₂) | 4(ŋeš₂) | 4(geš₂@c) | 4(ŋeš₂@c) | 4(geš₂@c)@v | 4(ŋeš₂@c)@v | 4(geš₂@c@90) | 4(geš₂@t) | 4(ŋeš₂@t)
U+12419,𒐙,five gesh₂,5(GEŠ₂),5(geš₂) | 5(ŋeš₂) | 5(geš₂@c) | 5(ŋeš₂@c) | 5(geš₂@t) | 5(ŋeš₂@t)
U+1241A,𒐚,six gesh₂,6(GEŠ₂),6(geš₂) | 6(ŋeš₂) | 6(geš₂@c) | 6(ŋeš₂@c) | 6(geš₂@t) | 6(ŋeš₂@t)
U+1241B,𒐛,seven gesh₂,7(GEŠ₂),7(geš₂) | 7(ŋeš₂) | 7(geš₂@c) | 7(ŋeš₂@c) | 7(geš₂@t) | 7(ŋeš₂@t)
U+1241C,𒐜,eight gesh₂,8(GEŠ₂),8(geš₂) | 8(ŋeš₂) | 8(geš₂@c) | 8(ŋeš₂@c) | 8(geš₂@t) | 8(ŋeš₂@t)
U+1241D,𒐝,nine gesh₂,9(GEŠ₂),9(geš₂) | 9(ŋeš₂) | 9(geš₂@c) | 9(ŋeš₂@c) | 9(geš₂@t) | 9(ŋeš₂@t)
U+1241E,𒐞,one geshu,1(GEŠU),deššuₓ | gešʾu | gešu | ŋešʾu | 1(gešʾu) | 1(gešu) | 1(ŋešʾu) | gešʾu@c | ŋešʾu@c | 1(gešʾu@c) | 1(ŋešʾu@c) | 1(gešu@c)
U+1241F,𒐟,two geshu,2(GEŠU),2(gešʾu) | 2(ŋešʾu) | 2(gešu) | 2(gešʾu@c) | 2(ŋešʾu@c) | 2(gešu@c)
U+12420,𒐠,three geshu,3(GEŠU),3(gešʾu) | 3(ŋešʾu) | 3(gešu) | 3(gešʾu@c) | 3(ŋešʾu@c) | 3(gešu@c) | 3(gešʾu@c)@v | 3(ŋešʾu@c)@v | 3(gešu@c)@v
U+12421,𒐡,four geshu,4(GEŠU),4(gešʾu) | 4(ŋešʾu) | 4(gešu) | 4(gešʾu@c) | 4(ŋešʾu@c) | 4(gešu@c) | 4(gešʾu@c)@v | 4(ŋešʾu@c)@v | 4(gešu@c)@v
U+12422,𒐢,five geshu,5(GEŠU),5(gešʾu) | 5(ŋešʾu) | 5(gešu) | 5(gešʾu@c) | 5(ŋešʾu@c) | 5(gešu@c)
U+12423,𒐣,two shar₂,2(ŠAR₂),2(šar₂) | 2(šargal) | 2(šar₂@c) | 2(šargal@c)
U+12424,𒐤,three shar₂,3(ŠAR₂),3(šar₂) | 3(šargal) | 3(šar₂@c) | 3(šargal@c)
U+12425,𒐥,three shar₂ variant form,3(ŠAR₂)@v,3(šar₂)@v | 3(šar₂@c)@v | 3(šargal@c)@v
U+12426,𒐦,four shar₂,4(ŠAR₂),4(šar₂) | 4(šargal) | 4(šar₂@c) | 4(šargal@c)
U+12427,𒐧,five shar₂,5(ŠAR₂),5(šar₂) | 5(šargal) | 5(šar₂@c) | 5(šargal@c)
U+12428,𒐨,six shar₂,6(ŠAR₂),6(šar₂) | 6(šargal) | 6(šar₂@c) | 6(šargal@c)
U+12429,𒐩,seven shar₂,7(ŠAR₂),7(šar₂) | 7(šargal) | 7(šar₂@c) | 7(šargal@c)
U+1242A,𒐪,eight shar₂,8(ŠAR₂),8(šar₂) | 8(šargal) | 8(šar₂@c) | 8(šargal@c)
U+1242B,𒐫,nine shar₂,9(ŠAR₂),9(šar₂) | 9(šargal) | 9(šar₂@c) | 9(šargal@c)
U+1242C,𒐬,one sharu,1(ŠARU),šarʾu | šaru | 1(šarʾu) | 1(šaru) | šarʾu@c | šaru@c | 1(šarʾu@c) | 1(šaru@c) | 1(šaruʾgal@c) | 1(šarugal@c) | šarʾu@v | šaru@v | 1(šaru@v) | 1(šarʾu@v) | 1(šaru@v@c) | 1(šarʾu@v@c)
U+1242D,𒐭,two sharu,2(ŠARU),2(šarʾu) | 2(šaru) | 2(šarʾu@c) | 2(šaru@c) | 2(šarʾu@v)
U+1242E,𒐮,three sharu,3(ŠARU),3(šarʾu) | 3(šaru) | 3(šarʾu@c) | 3(šaru@c) | 3(šaru@v) | 3(šarʾu@v)
U+1242F,𒐯,three sharu variant form,3(ŠARU)@v,3(šarʾu)@v | 3(šaru)@v | 3(šarʾu@c)@v | 3(šaru@c)@v
U+12430,𒐰,four sharu,4(ŠARU),4(šarʾu) | 4(šaru) | 4(šaru@v) | 4(šarʾu@v) | 4(šarʾu@c) | 4(šaru@c)
U+12431,𒐱,five sharu,5(ŠARU),5(šarʾu) | 5(šaru) | 5(šarʾu@c) | 5(šaru@c) | 5(šaru@v) | 5(šarʾu@v)
U+12432,𒐲,shar₂ × gal + dish,|ŠAR₂×(GAL.DIŠ)|,šargaldiš
U+12434,𒐴,one buru,U@g,burʾu | 1(burʾu) | burʾuₓ | burʾu@c | 1(burʾu@c)
U+12435,𒐵,two buru,2(BURU),nišₓ | 2(burʾu) | 2(burʾu@c)
U+12436,𒐶,three buru,3(BURU),ušuₓ | 3(burʾu) | 3(burʾu@c)
U+12437,𒐷,three buru variant form,3(BURU@v),3(burʾu)@v | 3(burʾu@c)@v
U+12438,𒐸,four buru,4(BURU),niminₓ | 4(burʾu) | 4(burʾu@c)
U+12439,𒐹,five buru,5(BURU),buriaₓ | ninnuₓ | 5(burʾu) | 5(burʾu@c)
U+1243A,𒐺,three variant form esh₁₆,,
U+1243B,𒐻,three variant form esh₂₁,3(AŠ~b),3(aš)@v | eš₂₁ | 3(aš@c)@v | 3(iku)@v
U+1243C,𒐼,four variant form limmu,LIMMU,lammu | limmu | limu | 4(diš)@v
U+1243D,𒐽,four variant form limmu₄,4(AŠ~a),limmu₄ | 4(aš@v) | 4(aš@v@c)
U+1243E,𒐾,four variant form limmu a,LIMMU~a,limmuₓ | 4(diš@v) | 4(diš)~a
U+1243F,𒐿,four variant form limmu b,LIMMU~b,limmuₓ | 4(diš@v)~b | 4(diš)~b
U+12440,𒑀,six variant form ash₉,6(AŠ~a),6(aš@v) | aš₉ | 6(aš@v@c)
U+12441,𒑁,seven variant form imin₃,7(AŠ~a),7(aš@v) | imin₃ | 7(aš@v@c)
U+12442,𒑂,seven variant form imin a,7(DIŠ)~a,iminₓ | 7(diš)@v | 7(diš@c)@v
U+12443,𒑃,seven variant form imin b,7(DIŠ)~b,iminₓ | 7(diš)@v~b | 7(diš@c)@v~b
U+12444,𒑄,eight variant form ussu,,
U+12445,𒑅,eight variant form ussu₃,USSU₃,ussu₃ | 8(aš~a) | 8(aš@v)
U+12446,𒑆,nine variant form ilimmu,ILIMMU,ilimmu | 9(diš)~a | 9(aš@c@90) | 9(diš@c)
U+12447,𒑇,nine variant form ilimmu₃,ILIMMU₃,ilimmu₃ | 9(aš~a) | ilimmu₃ | 9(aš@v) | 9(diš@c)@v~a
U+12448,𒑈,nine variant form ilimmu₄,9(DIŠ~b),ilimmu₄ | 9(diš)@v | 9(diš@c)@v
U+12449,𒑉,nine variant form ilimmu a,9(DIŠ~c),ilimmuₓ | 9(diš@v) | 9(diš@v@c)
U+1244A,𒑊,two ash tenu,2(AŠ@t),2(aš@t) | 2(diš@t) | 2(iku@t) | 2(aš@t@c)
U+1244B,𒑋,three ash tenu,3(AŠ@t),3(aš@t) | 3(diš@t) | 3(iku@t) | 3(aš@t@c)
U+1244C,𒑌,four ash tenu,4(AŠ@t),4(aš@t) | 4(diš@t) | 4(iku@t) | 4(aš@t@c)
U+1244D,𒑍,five ash tenu,5(AŠ@t),5(aš@t) | 5(diš@t) | 5(iku@t) | 5(aš@t@c)
U+1244E,𒑎,six ash tenu,6(AŠ@t),6(aš@t) | 6(diš@t) | 6(aš@t@c)
U+1244F,𒑏,one ban₂,1(BAN₂),ban₂ | banda₂ | sutₓ | sutu | 1(ban₂) | 1/2(aš) | ban₂@v | 1/2(aš@t) | 1/2(diš@t) | 1/2(aš@c) | ban₂@c | 1(ban₂@c) | 1/2(diš@c) | 1/4(diš@c)
U+12450,𒑐,two ban₂,2(BAN₂),bamen | bamin | banmin | 2(ban₂) | 2(ban₂@c)
U+12451,𒑑,three ban₂,3(BAN₂),3(ban₂) | 3(ban₂@c) | 3(ban₂@c)@v
U+12452,𒑒,four ban₂,4(BAN₂),4(ban₂) | 4(ban₂@c)
U+12453,𒑓,four ban₂ variant form,4(BAN₂@v),4(ban₂)@v | 4(ban₂@c)@v | 4(ban₂@v@c)
U+12454,𒑔,five ban₂,5(BAN₂),5(ban₂) | 5(ban₂@c)
U+12455,𒑕,five ban₂ variant form,5(BAN₂@v),5(ban₂)@v | 5(ban₂@c)@v | 5(ban₂@v@c)
U+12458,𒑘,one eshe₃,1(EŠE₃),1(eše₃) | eše₃@c | 1(eše₃@c)
U+12459,𒑙,two eshe₃,2(EŠE₃),2(eše₃) | 2(eše₃@c)
U+1245A,𒑚,one third dish,ŠUŠANA,igišŋalₓ | šudaₓ? | šušana | šuššanₓ | 1/3(aš) | 1/3(diš) | 1/3(iku) | šušanaₓ
U+1245B,𒑛,two thirds dish,ŠANABI,šanaba | šanabi | šanapi | šudaminₓ? | 2/3(aš) | 2/3(diš) | 2/3(diš@t) | 2/3(diš@v) | 2/3(diš)~a
U+1245C,𒑜,five sixths dish,KINGUSILI,kingusila | kingusili | qimku | 5/6(aš) | 5/6(diš) | 5/6(aš@c) | 5/6(diš@c)
U+1245D,𒑝,one third variant form a,F₁,1/3(aš@c@90) | 1/3(aš@c) | 1/3(diš@c)
U+1245E,𒑞,two thirds variant form a,F₂,2/3(aš@c@90) | 2/3(aš@c) | 2/3(diš@c)
U+1245F,𒑟,one eighth ash,F₃,1/8(iku) | 1/8(iku@c) | 1/8(iku@c@v)
U+12460,𒑠,one quarter ash,F₄,1/4(iku) | 1/4(iku@c) | 1/4(aš@c) | 1/4(iku@c@v)
U+12461,𒑡,old assyrian one sixth,F₅,1/6(diš)
U+12462,𒑢,old assyrian one quarter,F₆,1/4(diš)
U+12463,𒑣,one quarter gur,1/4(GUR),1/6(diš)@v | 1/2(iku@t) | 1(barig@v) | 1(bariga)@v
U+12464,𒑤,one half gur,1/2(GUR),2(barig@v) | 2(bariga)@v
U+12465,𒑥,elamite one third,1/3(DIŠ)~e,
U+12466,𒑦,elamite two thirds,2/3(DIŠ)~e,
U+12467,𒑧,elamite forty,4(U)@v,4(u)@v
U+12468,𒑨,elamite fifty,5(U)@v,5(u)@v
U+12469,𒑩,four u variant form,4(U)~v,
U+1246A,𒑪,five u variant form,5(U)~v,
U+1246B,𒑫,six u variant form,6(U)~v,
U+1246C,𒑬,seven u variant form,7(U)~v,
U+1246D,𒑭,eight u variant form,8(U)~v,
U+1246E,𒑮,nine u variant form,9(U)~v,
U+12470,𒑰,cuneiform punctuation sign old assyrian word divider,P₁,/ | p₁
U+12471,𒑱,cuneiform punctuation sign vertical colon,P₂,: | p₂
U+12472,𒑲,cuneiform punctuation sign diagonal colon,P₃,":"" | p₃"
U+12473,𒑳,cuneiform punctuation sign diagonal tricolon,P₄,:. | p₄
U+12474,𒑴,cuneiform punctuation sign diagonal quadcolon,P₅,:: | p₅
U+12480,𒒀,ab × nun tenu,|AB×NUN@t|,
U+12481,𒒁,ab × shu₂,|AB×ŠU₂|,
U+12482,𒒂,ad × esh₂,|AD×EŠ₂|,
U+12483,𒒃,bad × dish tenu,|BAD×DIŠ@t|,
U+12484,𒒄,bahar₂ × ab₂,|BAHAR₂×AB₂|,
U+12485,𒒅,bahar₂ × ni,|BAHAR₂×NI|,
U+12486,𒒆,bahar₂ × za,|BAHAR₂×ZA|,
U+12487,𒒇,bu / bu × na₂,|(BU&BU)×NA₂|,arinaₓ
U+12488,𒒈,da × tak₄,|DA×TAK₄|,
U+12489,𒒉,dag × kur,|DAG×KUR|,
U+1248A,𒒊,dim × igi,|DIM×IGI|,
U+1248B,𒒋,dim × u u u,|DIM×(U.U.U)|,
U+1248C,𒒌,dim₂ × ud,|DIM₂×UD|,
U+1248D,𒒍,dug × anshe,|DUG×ANŠE|,
U+1248E,𒒎,dug × ash,|DUG×AŠ|,
U+1248F,𒒏,dug × ash at left,|DUG×AŠ@f|,
U+12490,𒒐,dug × din,|DUG×DIN|,
U+12491,𒒑,dug × dun,|DUG×DUN|,
U+12492,𒒒,dug × erin₂,|DUG×ERIN₂|,
U+12493,𒒓,dug × ga,|DUG×GA|,
U+12494,𒒔,dug × gi,|DUG×GI|,
U+12495,𒒕,dug × gir₂ gunu,|DUG×GIR₂@g|,
U+12496,𒒖,dug × gish,|DUG×GIŠ|,
U+12497,𒒗,dug × ha,|DUG×HA|,
U+12498,𒒘,dug × hi,|DUG×HI|,
U+12499,𒒙,dug × igi gunu,,
U+1249A,𒒚,dug × kaskal,|DUG×KASKAL|,
U+1249B,𒒛,dug × kur,|DUG×KUR|,
U+1249C,𒒜,dug × kushu₂,|DUG×KUŠU₂|,
U+1249D,𒒝,dug × kushu₂ + kaskal,|DUG×(KUŠU₂.KASKAL)|,
U+1249E,𒒞,dug × lak-020,|DUG×LAK20|,
U+1249F,𒒟,dug × lam,|DUG×LAM|,
U+124A0,𒒠,dug × lam × kur,|DUG×(LAM×KUR)|,
U+124A1,𒒡,dug × luh + gish,|DUG×(LUH.GIŠ)|,
U+124A2,𒒢,dug × mash,|DUG×MAŠ|,
U+124A3,𒒣,dug × mes,|DUG×MES|,
U+124A4,𒒤,dug × mi,|DUG×MI|,
U+124A5,𒒥,dug × ni,|DUG×NI|,šakirₓ | šugurₓ | šukurₓ
U+124A6,𒒦,dug × pi,|DUG×PI|,
U+124A7,𒒧,dug × she,|DUG×ŠE|,
U+124A8,𒒨,dug × si gunu,|DUG×SI@g|,
U+124A9,𒒩,e₂ × kur,|E₂×KUR|,
U+124AB,𒒫,erin₂ x,|ERIN₂+X|,ditanₓ | luₓ | tidnumₓ
U+124AC,𒒬,esh₂ crossing esh₂,|EŠ₂%EŠ₂|,
U+124AD,𒒭,ezen sheshig × ash,|EZEN@s×AŠ|,
U+124AE,𒒮,ezen sheshig × hi,|EZEN@s×HI|,
U+124AF,𒒯,ezen sheshig × igi gunu,|EZEN@s×IGI@g|,
U+124B0,𒒰,ezen sheshig × la,|EZEN@s×LA|,
U+124B1,𒒱,ezen sheshig × lal,|EZEN@s×LAL|,
U+124B2,𒒲,ezen sheshig × me,|EZEN@s×ME|,
U+124B3,𒒳,ezen sheshig × mes,|EZEN@s×MES|,
U+124B4,𒒴,ezen sheshig × su,|EZEN@s×SU|,
U+124B5,𒒵,ezen × su,|EZEN×SU|,
U+124B6,𒒶,ga₂ × bahar₂,|GA₂×BAHAR₂|,
U+124B7,𒒷,ga₂ × dim gunu,|GA₂×DIM@g|,
U+124B8,𒒸,ga₂ × dug × igi gunu,|GA₂×(DUG×IGI@g)|,
U+124B9,𒒹,ga₂ × dug × kaskal,|GA₂×(DUG×KASKAL)|,
U+124BA,𒒺,ga₂ × eren,|GA₂×EREN|,
U+124BB,𒒻,ga₂ × ga,|GA₂×GA|,
U+124BC,𒒼,ga₂ × gar + di,|GA₂×(GAR.DI)|,
U+124BD,𒒽,ga₂ × gar + ne,|GA₂×(GAR.NE)|,
U+124BE,𒒾,ga₂ × ha + a,,
U+124BF,𒒿,ga₂ × kushu₂ + kaskal,|GA₂×(KUŠU₂.KASKAL)|,
U+124C0,𒓀,ga₂ × lam,|GA₂×LAM|,
U+124C1,𒓁,ga₂ × lam × kur,|GA₂×(LAM×KUR)|,
U+124C2,𒓂,ga₂ × luh,|GA₂×LUH|,
U+124C3,𒓃,ga₂ × mush,|GA₂×MUŠ|,
U+124C4,𒓄,ga₂ × ne,|GA₂×NE|,
U+124C5,𒓅,ga₂ × ne + e₂,|GA₂×(NE.E₂)|,halubₓ
U+124C6,𒓆,ga₂ × ne + gi,|GA₂×(NE.GI)|,
U+124C7,𒓇,ga₂ × shim,|GA₂×ŠIM|,
U+124C8,𒓈,ga₂ × ziz₂,|GA₂×ZIZ₂|,gazaₓ | gazi
U+124C9,𒓉,gaba rot. ninety degrees,GABA@90,gabaₓ
U+124CA,𒓊,geshtin × u,|GEŠTIN×U|,
U+124CB,𒓋,gish × gish crossing gish,|GIŠ×(GIŠ%GIŠ)|,ulₓ
U+124CC,𒓌,gu₂ × igi gunu,|GU₂×IGI@g|,
U+124CD,𒓍,gud + gish × tak₄,|GUD.GIŠ×TAK₄|,
U+124CF,𒓏,hi × ash / hi × ash,|(HI×AŠ)&(HI×AŠ)|,
U+124D0,𒓐,ka × bu,|KA×BU|,
U+124D1,𒓑,ka × ka,|KA×KA|,
U+124D2,𒓒,ka × u u u,|KA×(U.U.U)|,
U+124D3,𒓓,ka × ur,|KA×UR|,
U+124D4,𒓔,lagab × zu / zu,|LAGAB×(ZU&ZU)|,
U+124D5,𒓕,lak-003,LAK3,
U+124D6,𒓖,lak-021,LAK21,
U+124D7,𒓗,lak-025,LAK25,
U+124D8,𒓘,lak-030,LAK30,
U+124D9,𒓙,lak-050,LAK50,gurₓ
U+124DA,𒓚,lak-051,,
U+124DB,𒓛,lak-062,|U.GAN|,saman₄ | šagan | šaŋan | šakan | šakkan | šaman₂ | šakan | šaman₂
U+124DC,𒓜,lak-079 / lak-079 gunu,|(LAK079&LAK079)@g|,
U+124DD,𒓝,lak-080,LAK80,
U+124DE,𒓞,lak-081 / lak-081,|LAK81&LAK81|,
U+124DF,𒓟,lak-092,LAK92,
U+124E0,𒓠,lak-130,LAK130,
U+124E1,𒓡,lak-142,LAK142,
U+124E2,𒓢,lak-210,LAK210,
U+124E3,𒓣,lak-219,|ŠE.SUHUR|,ubiₓ
U+124E4,𒓤,lak-220,LAK220,
U+124E5,𒓥,lak-225,LAK225,
U+124E6,𒓦,lak-228,LAK228,
U+124E7,𒓧,lak-238,LAK238,
U+124E8,𒓨,lak-265,LAK265,
U+124E9,𒓩,lak-266,LAK266,
U+124EA,𒓪,lak-343,LAK343,lilₓ
U+124EB,𒓫,lak-347,LAK347,
U+124EC,𒓬,lak-348,LAK348,
U+124ED,𒓭,lak-383,LAK383,
U+124EE,𒓮,lak-384,|U.ŠA|,sagₓ | saŋₓ | urum₇ | usagₓ | zaₓ | inarₓ | sagₓ | saŋₓ | utuₓ
U+124EF,𒓯,lak-390,LAK390,dugudₓ
U+124F0,𒓰,lak-441,LAK441,
U+124F1,𒓱,lak-449,LAK449,nisagga | usanₓ | usanₓ
U+124F2,𒓲,lak-449 × gu,|LAK449×GU|,
U+124F3,𒓳,lak-449 × igi,|LAK449×IGI|,
U+124F4,𒓴,lak-449 × pap + lu₃,|LAK449×(PAP.LU₃)|,
U+124F5,𒓵,lak-449 × pap + pap + lu₃,|LAK449×(PAP.PAP.LU₃)|,
U+124F6,𒓶,lak-449 × u₂ + ba,|LAK449×(U₂.BA)|,
U+124F7,𒓷,lak-450,,
U+124F8,𒓸,lak-457,LAK457,
U+124F9,𒓹,lak-470,LAK470,
U+124FA,𒓺,lak-483,LAK483,tugₓ
U+124FB,𒓻,lak-490,LAK490,gaʾar | gaʾurₓ | gamurₓ
U+124FC,𒓼,lak-492,LAK492,kidₓ? | takaₓ
U+124FD,𒓽,lak-493,,
U+124FE,𒓾,lak-495,LAK495,
U+124FF,𒓿,lak-550,LAK550,
U+12500,𒔀,lak-608,LAK608,
U+12501,𒔁,lak-617,LAK617,
U+12502,𒔂,lak-617 × ash,|LAK617×AŠ|,bunₓ | durumₓ
U+12503,𒔃,lak-617 × bad,|LAK617×BAD|,
U+12504,𒔄,lak-617 × dun₃ gunu gunu,,
U+12505,𒔅,lak-617 × ku₃,|LAK617×KU₃|,
U+12506,𒔆,lak-617 × la,,
U+12507,𒔇,lak-617 × tar,|LAK617×TAR|,
U+12508,𒔈,lak-617 × te,|LAK617×TE|,
U+12509,𒔉,lak-617 × u₂,|LAK617×U₂|,
U+1250A,𒔊,lak-617 × ud,|LAK617×UD|,
U+1250B,𒔋,lak-617 × uruda,|LAK617×URUDA|,
U+1250C,𒔌,lak-636,LAK636,ašalₓ | silaₓ
U+1250D,𒔍,lak-648,,
U+1250E,𒔎,lak-648 × dub,|LAK648×DUB|,banšurₓ
U+1250F,𒔏,lak-648 × ga,|LAK648×GA|,
U+12510,𒔐,lak-648 × igi,,
U+12511,𒔑,lak-648 × igi gunu,|LAK648×IGI@g|,
U+12512,𒔒,lak-648 × ni,|LAK648×NI|,šakirₓ
U+12513,𒔓,lak-648 × pap + pap + lu₃,|LAK648×(PAP.PAP.LU₃)|,
U+12514,𒔔,lak-648 × shesh + ki,|LAK648×(ŠEŠ.KI)|,
U+12515,𒔕,lak-648 × ud,|LAK648×UD|,
U+12516,𒔖,lak-648 × uruda,,
U+12517,𒔗,lak-724,LAK724,
U+12518,𒔘,lak-749,LAK749,
U+12519,𒔙,lu₂ gunu × ash,|LU₂@g×AŠ|,adₓ
U+1251A,𒔚,lu₂ × dish,|LU₂×DIŠ|,
U+1251B,𒔛,lu₂ × hal,|LU₂×HAL|,
U+1251C,𒔜,lu₂ × pap,|LU₂×PAP|,
U+1251D,𒔝,lu₂ × pap + pap + lu₃,|LU₂×(PAP.PAP.LU₃)|,
U+1251E,𒔞,lu₂ × tak₄,|LU₂×TAK₄|,
U+1251F,𒔟,mi + za₇,|MI.ZA₇|,
U+12520,𒔠,mush / mush × ga,|(MUŠ&MUŠ)×GA|,
U+12521,𒔡,mush / mush × kak,|(MUŠ&MUŠ)×KAK|,
U+12522,𒔢,ninda₂ × dim gunu,|NINDA₂×DIM@g|,
U+12524,𒔤,ninda₂ × gul,|NINDA₂×GUL|,
U+12526,𒔦,ninda₂ × kesh₂,|NINDA₂×KEŠ₂|,
U+12527,𒔧,ninda₂ × lak-050,|NINDA₂×LAK50|,
U+12528,𒔨,ninda₂ × mash,|NINDA₂×MAŠ|,gurmi
U+12529,𒔩,ninda₂ × pap + pap,|NINDA₂×(PAP.PAP)|,
U+1252A,𒔪,ninda₂ × u,|NINDA₂×U|,udugabaₓ
U+1252B,𒔫,ninda₂ × u + u,|NINDA₂×(U.U)|,minudugabaₓ
U+1252C,𒔬,ninda₂ × uruda,|NINDA₂×URUDA|,
U+1252D,𒔭,sag gunu × ha,|SAG@g×HA|,
U+1252E,𒔮,sag × en,|SAG×EN|,
U+1252F,𒔯,sag × she at left,|KA×ŠE@f|,
U+12530,𒔰,sag × tak₄,|SAG×TAK₄|,birₓ | burₓ
U+12531,𒔱,sha₆ tenu,ŠA₆@t,
U+12532,𒔲,she / she,|ŠE&ŠE|,
U+12533,𒔳,she + hub₂,|(ŠE&ŠE).HUB₂|,
U+12534,𒔴,she + nam₂,|ŠE.NAM₂|,susₓ | šušₓ | šušinₓ
U+12535,𒔵,she + sar,|SAR×ŠE|,
U+12536,𒔶,shu₂ + dug × ni,|ŠU₂.DUG×NI|,
U+12537,𒔷,shu₂ + e₂ × an,|ŠU₂.(E₂×AN)|,
U+12538,𒔸,si × tak₄,|SI×TAK₄|,giriₓ
U+12539,𒔹,tak₄ + sag,|SAG×TAK₄@f|,
U+1253A,𒔺,tum × gan₂ tenu,|TUM×GAN₂@t|,egirₓ | tumₓ
U+1253B,𒔻,tum × three dish,|TUM×(DIŠ.DIŠ.DIŠ)|,
U+1253C,𒔼,ur₂ inv.,UR₂@h,
U+1253D,𒔽,ur₂ × ud,|UR₂×UD|,
U+1253E,𒔾,uru × dara₃,|URU×DARA₃|,
U+1253F,𒔿,uru × lak-668,|URU×LAK668|,
U+12540,𒕀,uru × lu₃,URU@g,
U+12542,𒕂,zu / zu + sar,|ZU&ZU.SAR|,lumₓ?
U+12543,𒕃,zu₅ × three dish tenu,|ZU₅×(DIŠ@t.DIŠ@t.DIŠ@t)|,
